date,season,CD_AGEGROUP,MS_NUM_DEATH
2022-01-01,winter,25-44,8
2022-01-01,winter,45-64,33
2022-01-01,winter,65-74,56
2022-01-01,winter,75-84,92
2022-01-01,winter,85+,141
2022-01-02,winter,25-44,8
2022-01-02,winter,45-64,41
2022-01-02,winter,65-74,52
2022-01-02,winter,75-84,98
2022-01-02,winter,85+,176
2022-01-03,winter,0-24,3
2022-01-03,winter,25-44,10
2022-01-03,winter,45-64,22
2022-01-03,winter,65-74,45
2022-01-03,winter,75-84,72
2022-01-03,winter,85+,125
2022-01-04,winter,25-44,2
2022-01-04,winter,45-64,43
2022-01-04,winter,65-74,57
2022-01-04,winter,75-84,109
2022-01-04,winter,85+,155
2022-01-05,winter,0-24,2
2022-01-05,winter,25-44,9
2022-01-05,winter,45-64,29
2022-01-05,winter,65-74,50
2022-01-05,winter,75-84,52
2022-01-05,winter,85+,130
2022-01-06,winter,0-24,1
2022-01-06,winter,25-44,2
2022-01-06,winter,45-64,29
2022-01-06,winter,65-74,50
2022-01-06,winter,75-84,82
2022-01-06,winter,85+,111
2022-01-07,winter,0-24,3
2022-01-07,winter,25-44,2
2022-01-07,winter,45-64,24
2022-01-07,winter,65-74,39
2022-01-07,winter,75-84,74
2022-01-07,winter,85+,112
2022-01-08,winter,0-24,5
2022-01-08,winter,25-44,8
2022-01-08,winter,45-64,25
2022-01-08,winter,65-74,51
2022-01-08,winter,75-84,72
2022-01-08,winter,85+,135
2022-01-09,winter,0-24,2
2022-01-09,winter,25-44,6
2022-01-09,winter,45-64,26
2022-01-09,winter,65-74,48
2022-01-09,winter,75-84,86
2022-01-09,winter,85+,121
2022-01-10,winter,0-24,2
2022-01-10,winter,25-44,4
2022-01-10,winter,45-64,45
2022-01-10,winter,65-74,51
2022-01-10,winter,75-84,73
2022-01-10,winter,85+,131
2022-01-11,winter,0-24,3
2022-01-11,winter,25-44,6
2022-01-11,winter,45-64,38
2022-01-11,winter,65-74,42
2022-01-11,winter,75-84,64
2022-01-11,winter,85+,115
2022-01-12,winter,0-24,2
2022-01-12,winter,25-44,5
2022-01-12,winter,45-64,44
2022-01-12,winter,65-74,50
2022-01-12,winter,75-84,84
2022-01-12,winter,85+,146
2022-01-13,winter,0-24,2
2022-01-13,winter,25-44,3
2022-01-13,winter,45-64,43
2022-01-13,winter,65-74,68
2022-01-13,winter,75-84,84
2022-01-13,winter,85+,139
2022-01-14,winter,0-24,1
2022-01-14,winter,25-44,3
2022-01-14,winter,45-64,34
2022-01-14,winter,65-74,49
2022-01-14,winter,75-84,72
2022-01-14,winter,85+,143
2022-01-15,winter,0-24,2
2022-01-15,winter,25-44,6
2022-01-15,winter,45-64,32
2022-01-15,winter,65-74,50
2022-01-15,winter,75-84,83
2022-01-15,winter,85+,122
2022-01-16,winter,0-24,2
2022-01-16,winter,25-44,4
2022-01-16,winter,45-64,33
2022-01-16,winter,65-74,62
2022-01-16,winter,75-84,57
2022-01-16,winter,85+,153
2022-01-17,winter,0-24,2
2022-01-17,winter,25-44,7
2022-01-17,winter,45-64,43
2022-01-17,winter,65-74,61
2022-01-17,winter,75-84,81
2022-01-17,winter,85+,164
2022-01-18,winter,0-24,3
2022-01-18,winter,25-44,4
2022-01-18,winter,45-64,36
2022-01-18,winter,65-74,54
2022-01-18,winter,75-84,98
2022-01-18,winter,85+,160
2022-01-19,winter,0-24,2
2022-01-19,winter,25-44,7
2022-01-19,winter,45-64,25
2022-01-19,winter,65-74,52
2022-01-19,winter,75-84,89
2022-01-19,winter,85+,151
2022-01-20,winter,0-24,1
2022-01-20,winter,25-44,6
2022-01-20,winter,45-64,45
2022-01-20,winter,65-74,53
2022-01-20,winter,75-84,84
2022-01-20,winter,85+,134
2022-01-21,winter,0-24,1
2022-01-21,winter,25-44,6
2022-01-21,winter,45-64,38
2022-01-21,winter,65-74,65
2022-01-21,winter,75-84,103
2022-01-21,winter,85+,139
2022-01-22,winter,0-24,1
2022-01-22,winter,25-44,5
2022-01-22,winter,45-64,30
2022-01-22,winter,65-74,46
2022-01-22,winter,75-84,102
2022-01-22,winter,85+,140
2022-01-23,winter,0-24,2
2022-01-23,winter,25-44,6
2022-01-23,winter,45-64,33
2022-01-23,winter,65-74,56
2022-01-23,winter,75-84,87
2022-01-23,winter,85+,134
2022-01-24,winter,0-24,2
2022-01-24,winter,25-44,3
2022-01-24,winter,45-64,39
2022-01-24,winter,65-74,62
2022-01-24,winter,75-84,81
2022-01-24,winter,85+,156
2022-01-25,winter,0-24,2
2022-01-25,winter,25-44,7
2022-01-25,winter,45-64,50
2022-01-25,winter,65-74,70
2022-01-25,winter,75-84,88
2022-01-25,winter,85+,154
2022-01-26,winter,0-24,3
2022-01-26,winter,25-44,8
2022-01-26,winter,45-64,45
2022-01-26,winter,65-74,51
2022-01-26,winter,75-84,92
2022-01-26,winter,85+,172
2022-01-27,winter,0-24,6
2022-01-27,winter,25-44,4
2022-01-27,winter,45-64,42
2022-01-27,winter,65-74,68
2022-01-27,winter,75-84,102
2022-01-27,winter,85+,139
2022-01-28,winter,0-24,1
2022-01-28,winter,25-44,6
2022-01-28,winter,45-64,56
2022-01-28,winter,65-74,65
2022-01-28,winter,75-84,99
2022-01-28,winter,85+,179
2022-01-29,winter,0-24,1
2022-01-29,winter,25-44,2
2022-01-29,winter,45-64,36
2022-01-29,winter,65-74,49
2022-01-29,winter,75-84,93
2022-01-29,winter,85+,154
2022-01-30,winter,0-24,1
2022-01-30,winter,25-44,8
2022-01-30,winter,45-64,47
2022-01-30,winter,65-74,51
2022-01-30,winter,75-84,77
2022-01-30,winter,85+,157
2022-01-31,winter,0-24,2
2022-01-31,winter,25-44,7
2022-01-31,winter,45-64,51
2022-01-31,winter,65-74,53
2022-01-31,winter,75-84,92
2022-01-31,winter,85+,150
2022-02-01,winter,0-24,4
2022-02-01,winter,25-44,9
2022-02-01,winter,45-64,38
2022-02-01,winter,65-74,50
2022-02-01,winter,75-84,73
2022-02-01,winter,85+,130
2022-02-02,winter,0-24,3
2022-02-02,winter,25-44,10
2022-02-02,winter,45-64,42
2022-02-02,winter,65-74,54
2022-02-02,winter,75-84,86
2022-02-02,winter,85+,188
2022-02-03,winter,0-24,2
2022-02-03,winter,25-44,9
2022-02-03,winter,45-64,27
2022-02-03,winter,65-74,64
2022-02-03,winter,75-84,76
2022-02-03,winter,85+,144
2022-02-04,winter,0-24,4
2022-02-04,winter,25-44,5
2022-02-04,winter,45-64,32
2022-02-04,winter,65-74,62
2022-02-04,winter,75-84,85
2022-02-04,winter,85+,152
2022-02-05,winter,0-24,2
2022-02-05,winter,25-44,3
2022-02-05,winter,45-64,31
2022-02-05,winter,65-74,56
2022-02-05,winter,75-84,96
2022-02-05,winter,85+,143
2022-02-06,winter,0-24,2
2022-02-06,winter,25-44,5
2022-02-06,winter,45-64,42
2022-02-06,winter,65-74,50
2022-02-06,winter,75-84,70
2022-02-06,winter,85+,122
2022-02-07,winter,0-24,3
2022-02-07,winter,25-44,8
2022-02-07,winter,45-64,31
2022-02-07,winter,65-74,43
2022-02-07,winter,75-84,68
2022-02-07,winter,85+,125
2022-02-08,winter,0-24,2
2022-02-08,winter,25-44,8
2022-02-08,winter,45-64,43
2022-02-08,winter,65-74,50
2022-02-08,winter,75-84,69
2022-02-08,winter,85+,132
2022-02-09,winter,0-24,1
2022-02-09,winter,25-44,5
2022-02-09,winter,45-64,20
2022-02-09,winter,65-74,60
2022-02-09,winter,75-84,79
2022-02-09,winter,85+,136
2022-02-10,winter,0-24,3
2022-02-10,winter,25-44,4
2022-02-10,winter,45-64,29
2022-02-10,winter,65-74,46
2022-02-10,winter,75-84,57
2022-02-10,winter,85+,127
2022-02-11,winter,25-44,1
2022-02-11,winter,45-64,29
2022-02-11,winter,65-74,49
2022-02-11,winter,75-84,69
2022-02-11,winter,85+,125
2022-02-12,winter,0-24,6
2022-02-12,winter,25-44,5
2022-02-12,winter,45-64,27
2022-02-12,winter,65-74,50
2022-02-12,winter,75-84,83
2022-02-12,winter,85+,130
2022-02-13,winter,0-24,2
2022-02-13,winter,25-44,8
2022-02-13,winter,45-64,36
2022-02-13,winter,65-74,38
2022-02-13,winter,75-84,97
2022-02-13,winter,85+,166
2022-02-14,winter,25-44,5
2022-02-14,winter,45-64,33
2022-02-14,winter,65-74,60
2022-02-14,winter,75-84,95
2022-02-14,winter,85+,173
2022-02-15,winter,0-24,4
2022-02-15,winter,25-44,3
2022-02-15,winter,45-64,51
2022-02-15,winter,65-74,56
2022-02-15,winter,75-84,107
2022-02-15,winter,85+,146
2022-02-16,winter,0-24,1
2022-02-16,winter,25-44,6
2022-02-16,winter,45-64,45
2022-02-16,winter,65-74,46
2022-02-16,winter,75-84,92
2022-02-16,winter,85+,174
2022-02-17,winter,0-24,2
2022-02-17,winter,25-44,9
2022-02-17,winter,45-64,44
2022-02-17,winter,65-74,57
2022-02-17,winter,75-84,93
2022-02-17,winter,85+,160
2022-02-18,winter,0-24,3
2022-02-18,winter,25-44,5
2022-02-18,winter,45-64,44
2022-02-18,winter,65-74,64
2022-02-18,winter,75-84,84
2022-02-18,winter,85+,152
2022-02-19,winter,0-24,1
2022-02-19,winter,25-44,7
2022-02-19,winter,45-64,43
2022-02-19,winter,65-74,55
2022-02-19,winter,75-84,82
2022-02-19,winter,85+,134
2022-02-20,winter,25-44,3
2022-02-20,winter,45-64,25
2022-02-20,winter,65-74,54
2022-02-20,winter,75-84,83
2022-02-20,winter,85+,144
2022-02-21,winter,0-24,6
2022-02-21,winter,25-44,5
2022-02-21,winter,45-64,49
2022-02-21,winter,65-74,56
2022-02-21,winter,75-84,74
2022-02-21,winter,85+,119
2022-02-22,winter,0-24,6
2022-02-22,winter,25-44,4
2022-02-22,winter,45-64,35
2022-02-22,winter,65-74,56
2022-02-22,winter,75-84,97
2022-02-22,winter,85+,157
2022-02-23,winter,0-24,4
2022-02-23,winter,25-44,3
2022-02-23,winter,45-64,35
2022-02-23,winter,65-74,52
2022-02-23,winter,75-84,94
2022-02-23,winter,85+,122
2022-02-24,winter,0-24,3
2022-02-24,winter,25-44,10
2022-02-24,winter,45-64,44
2022-02-24,winter,65-74,60
2022-02-24,winter,75-84,82
2022-02-24,winter,85+,143
2022-02-25,winter,0-24,1
2022-02-25,winter,25-44,9
2022-02-25,winter,45-64,27
2022-02-25,winter,65-74,64
2022-02-25,winter,75-84,83
2022-02-25,winter,85+,141
2022-02-26,winter,0-24,2
2022-02-26,winter,25-44,10
2022-02-26,winter,45-64,36
2022-02-26,winter,65-74,43
2022-02-26,winter,75-84,87
2022-02-26,winter,85+,142
2022-02-27,winter,0-24,1
2022-02-27,winter,25-44,5
2022-02-27,winter,45-64,34
2022-02-27,winter,65-74,61
2022-02-27,winter,75-84,94
2022-02-27,winter,85+,137
2022-02-28,winter,0-24,3
2022-02-28,winter,25-44,6
2022-02-28,winter,45-64,44
2022-02-28,winter,65-74,43
2022-02-28,winter,75-84,74
2022-02-28,winter,85+,111
2022-03-01,winter,0-24,1
2022-03-01,winter,25-44,4
2022-03-01,winter,45-64,44
2022-03-01,winter,65-74,61
2022-03-01,winter,75-84,96
2022-03-01,winter,85+,151
2022-03-02,winter,0-24,3
2022-03-02,winter,25-44,8
2022-03-02,winter,45-64,45
2022-03-02,winter,65-74,77
2022-03-02,winter,75-84,101
2022-03-02,winter,85+,175
2022-03-03,winter,0-24,1
2022-03-03,winter,25-44,5
2022-03-03,winter,45-64,33
2022-03-03,winter,65-74,73
2022-03-03,winter,75-84,75
2022-03-03,winter,85+,136
2022-03-04,winter,0-24,3
2022-03-04,winter,25-44,8
2022-03-04,winter,45-64,35
2022-03-04,winter,65-74,60
2022-03-04,winter,75-84,94
2022-03-04,winter,85+,158
2022-03-05,winter,0-24,2
2022-03-05,winter,25-44,5
2022-03-05,winter,45-64,39
2022-03-05,winter,65-74,46
2022-03-05,winter,75-84,81
2022-03-05,winter,85+,132
2022-03-06,winter,0-24,4
2022-03-06,winter,25-44,8
2022-03-06,winter,45-64,38
2022-03-06,winter,65-74,50
2022-03-06,winter,75-84,68
2022-03-06,winter,85+,161
2022-03-07,winter,0-24,3
2022-03-07,winter,25-44,5
2022-03-07,winter,45-64,24
2022-03-07,winter,65-74,40
2022-03-07,winter,75-84,54
2022-03-07,winter,85+,112
2022-03-08,winter,0-24,3
2022-03-08,winter,25-44,4
2022-03-08,winter,45-64,36
2022-03-08,winter,65-74,52
2022-03-08,winter,75-84,74
2022-03-08,winter,85+,141
2022-03-09,winter,0-24,2
2022-03-09,winter,25-44,4
2022-03-09,winter,45-64,39
2022-03-09,winter,65-74,36
2022-03-09,winter,75-84,79
2022-03-09,winter,85+,133
2022-03-10,winter,0-24,3
2022-03-10,winter,25-44,8
2022-03-10,winter,45-64,29
2022-03-10,winter,65-74,52
2022-03-10,winter,75-84,85
2022-03-10,winter,85+,130
2022-03-11,winter,0-24,2
2022-03-11,winter,25-44,4
2022-03-11,winter,45-64,36
2022-03-11,winter,65-74,49
2022-03-11,winter,75-84,81
2022-03-11,winter,85+,139
2022-03-12,winter,0-24,5
2022-03-12,winter,25-44,8
2022-03-12,winter,45-64,40
2022-03-12,winter,65-74,48
2022-03-12,winter,75-84,81
2022-03-12,winter,85+,154
2022-03-13,winter,0-24,3
2022-03-13,winter,25-44,4
2022-03-13,winter,45-64,26
2022-03-13,winter,65-74,42
2022-03-13,winter,75-84,107
2022-03-13,winter,85+,142
2022-03-14,winter,0-24,2
2022-03-14,winter,25-44,5
2022-03-14,winter,45-64,42
2022-03-14,winter,65-74,59
2022-03-14,winter,75-84,85
2022-03-14,winter,85+,163
2022-03-15,winter,0-24,3
2022-03-15,winter,25-44,6
2022-03-15,winter,45-64,48
2022-03-15,winter,65-74,47
2022-03-15,winter,75-84,99
2022-03-15,winter,85+,157
2022-03-16,winter,0-24,5
2022-03-16,winter,25-44,6
2022-03-16,winter,45-64,46
2022-03-16,winter,65-74,48
2022-03-16,winter,75-84,91
2022-03-16,winter,85+,141
2022-03-17,winter,0-24,2
2022-03-17,winter,25-44,2
2022-03-17,winter,45-64,45
2022-03-17,winter,65-74,59
2022-03-17,winter,75-84,89
2022-03-17,winter,85+,161
2022-03-18,winter,0-24,4
2022-03-18,winter,25-44,7
2022-03-18,winter,45-64,44
2022-03-18,winter,65-74,58
2022-03-18,winter,75-84,78
2022-03-18,winter,85+,142
2022-03-19,winter,0-24,1
2022-03-19,winter,25-44,6
2022-03-19,winter,45-64,24
2022-03-19,winter,65-74,63
2022-03-19,winter,75-84,83
2022-03-19,winter,85+,150
2022-03-20,spring,0-24,1
2022-03-20,spring,25-44,9
2022-03-20,spring,45-64,26
2022-03-20,spring,65-74,53
2022-03-20,spring,75-84,75
2022-03-20,spring,85+,152
2022-03-21,spring,0-24,2
2022-03-21,spring,25-44,5
2022-03-21,spring,45-64,35
2022-03-21,spring,65-74,42
2022-03-21,spring,75-84,95
2022-03-21,spring,85+,165
2022-03-22,spring,0-24,3
2022-03-22,spring,25-44,11
2022-03-22,spring,45-64,37
2022-03-22,spring,65-74,51
2022-03-22,spring,75-84,89
2022-03-22,spring,85+,173
2022-03-23,spring,0-24,2
2022-03-23,spring,25-44,11
2022-03-23,spring,45-64,34
2022-03-23,spring,65-74,71
2022-03-23,spring,75-84,93
2022-03-23,spring,85+,165
2022-03-24,spring,0-24,1
2022-03-24,spring,25-44,8
2022-03-24,spring,45-64,37
2022-03-24,spring,65-74,57
2022-03-24,spring,75-84,96
2022-03-24,spring,85+,126
2022-03-25,spring,0-24,3
2022-03-25,spring,25-44,7
2022-03-25,spring,45-64,35
2022-03-25,spring,65-74,49
2022-03-25,spring,75-84,102
2022-03-25,spring,85+,135
2022-03-26,spring,0-24,4
2022-03-26,spring,25-44,7
2022-03-26,spring,45-64,30
2022-03-26,spring,65-74,60
2022-03-26,spring,75-84,92
2022-03-26,spring,85+,158
2022-03-27,spring,0-24,2
2022-03-27,spring,25-44,8
2022-03-27,spring,45-64,33
2022-03-27,spring,65-74,51
2022-03-27,spring,75-84,83
2022-03-27,spring,85+,129
2022-03-28,spring,0-24,3
2022-03-28,spring,25-44,7
2022-03-28,spring,45-64,40
2022-03-28,spring,65-74,55
2022-03-28,spring,75-84,84
2022-03-28,spring,85+,165
2022-03-29,spring,0-24,3
2022-03-29,spring,25-44,10
2022-03-29,spring,45-64,43
2022-03-29,spring,65-74,53
2022-03-29,spring,75-84,113
2022-03-29,spring,85+,163
2022-03-30,spring,0-24,1
2022-03-30,spring,25-44,5
2022-03-30,spring,45-64,36
2022-03-30,spring,65-74,52
2022-03-30,spring,75-84,97
2022-03-30,spring,85+,150
2022-03-31,spring,0-24,5
2022-03-31,spring,25-44,3
2022-03-31,spring,45-64,38
2022-03-31,spring,65-74,54
2022-03-31,spring,75-84,96
2022-03-31,spring,85+,165
2022-04-01,spring,0-24,3
2022-04-01,spring,25-44,9
2022-04-01,spring,45-64,44
2022-04-01,spring,65-74,55
2022-04-01,spring,75-84,93
2022-04-01,spring,85+,130
2022-04-02,spring,0-24,4
2022-04-02,spring,25-44,9
2022-04-02,spring,45-64,47
2022-04-02,spring,65-74,65
2022-04-02,spring,75-84,92
2022-04-02,spring,85+,194
2022-04-03,spring,25-44,6
2022-04-03,spring,45-64,35
2022-04-03,spring,65-74,53
2022-04-03,spring,75-84,109
2022-04-03,spring,85+,156
2022-04-04,spring,25-44,5
2022-04-04,spring,45-64,29
2022-04-04,spring,65-74,56
2022-04-04,spring,75-84,84
2022-04-04,spring,85+,154
2022-04-05,spring,0-24,2
2022-04-05,spring,25-44,10
2022-04-05,spring,45-64,45
2022-04-05,spring,65-74,53
2022-04-05,spring,75-84,81
2022-04-05,spring,85+,155
2022-04-06,spring,0-24,4
2022-04-06,spring,25-44,9
2022-04-06,spring,45-64,35
2022-04-06,spring,65-74,49
2022-04-06,spring,75-84,73
2022-04-06,spring,85+,122
2022-04-07,spring,0-24,2
2022-04-07,spring,25-44,10
2022-04-07,spring,45-64,40
2022-04-07,spring,65-74,48
2022-04-07,spring,75-84,78
2022-04-07,spring,85+,106
2022-04-08,spring,0-24,2
2022-04-08,spring,25-44,10
2022-04-08,spring,45-64,44
2022-04-08,spring,65-74,50
2022-04-08,spring,75-84,77
2022-04-08,spring,85+,160
2022-04-09,spring,0-24,2
2022-04-09,spring,25-44,3
2022-04-09,spring,45-64,35
2022-04-09,spring,65-74,40
2022-04-09,spring,75-84,72
2022-04-09,spring,85+,126
2022-04-10,spring,0-24,4
2022-04-10,spring,25-44,3
2022-04-10,spring,45-64,51
2022-04-10,spring,65-74,51
2022-04-10,spring,75-84,71
2022-04-10,spring,85+,139
2022-04-11,spring,0-24,5
2022-04-11,spring,25-44,5
2022-04-11,spring,45-64,36
2022-04-11,spring,65-74,66
2022-04-11,spring,75-84,87
2022-04-11,spring,85+,124
2022-04-12,spring,0-24,3
2022-04-12,spring,25-44,6
2022-04-12,spring,45-64,23
2022-04-12,spring,65-74,51
2022-04-12,spring,75-84,84
2022-04-12,spring,85+,150
2022-04-13,spring,0-24,1
2022-04-13,spring,25-44,6
2022-04-13,spring,45-64,40
2022-04-13,spring,65-74,58
2022-04-13,spring,75-84,99
2022-04-13,spring,85+,141
2022-04-14,spring,0-24,2
2022-04-14,spring,25-44,7
2022-04-14,spring,45-64,43
2022-04-14,spring,65-74,55
2022-04-14,spring,75-84,87
2022-04-14,spring,85+,173
2022-04-15,spring,25-44,8
2022-04-15,spring,45-64,39
2022-04-15,spring,65-74,51
2022-04-15,spring,75-84,95
2022-04-15,spring,85+,173
2022-04-16,spring,0-24,3
2022-04-16,spring,25-44,7
2022-04-16,spring,45-64,29
2022-04-16,spring,65-74,52
2022-04-16,spring,75-84,82
2022-04-16,spring,85+,190
2022-04-17,spring,0-24,1
2022-04-17,spring,25-44,7
2022-04-17,spring,45-64,33
2022-04-17,spring,65-74,51
2022-04-17,spring,75-84,75
2022-04-17,spring,85+,140
2022-04-18,spring,0-24,4
2022-04-18,spring,25-44,4
2022-04-18,spring,45-64,35
2022-04-18,spring,65-74,49
2022-04-18,spring,75-84,70
2022-04-18,spring,85+,128
2022-04-19,spring,0-24,1
2022-04-19,spring,25-44,8
2022-04-19,spring,45-64,32
2022-04-19,spring,65-74,60
2022-04-19,spring,75-84,87
2022-04-19,spring,85+,159
2022-04-20,spring,0-24,8
2022-04-20,spring,25-44,6
2022-04-20,spring,45-64,36
2022-04-20,spring,65-74,66
2022-04-20,spring,75-84,88
2022-04-20,spring,85+,157
2022-04-21,spring,0-24,5
2022-04-21,spring,25-44,4
2022-04-21,spring,45-64,36
2022-04-21,spring,65-74,54
2022-04-21,spring,75-84,97
2022-04-21,spring,85+,133
2022-04-22,spring,0-24,2
2022-04-22,spring,25-44,5
2022-04-22,spring,45-64,27
2022-04-22,spring,65-74,55
2022-04-22,spring,75-84,87
2022-04-22,spring,85+,170
2022-04-23,spring,0-24,2
2022-04-23,spring,25-44,7
2022-04-23,spring,45-64,30
2022-04-23,spring,65-74,59
2022-04-23,spring,75-84,84
2022-04-23,spring,85+,154
2022-04-24,spring,0-24,1
2022-04-24,spring,25-44,3
2022-04-24,spring,45-64,32
2022-04-24,spring,65-74,56
2022-04-24,spring,75-84,84
2022-04-24,spring,85+,152
2022-04-25,spring,0-24,4
2022-04-25,spring,25-44,5
2022-04-25,spring,45-64,37
2022-04-25,spring,65-74,44
2022-04-25,spring,75-84,75
2022-04-25,spring,85+,126
2022-04-26,spring,0-24,1
2022-04-26,spring,25-44,3
2022-04-26,spring,45-64,30
2022-04-26,spring,65-74,48
2022-04-26,spring,75-84,95
2022-04-26,spring,85+,147
2022-04-27,spring,0-24,2
2022-04-27,spring,25-44,1
2022-04-27,spring,45-64,47
2022-04-27,spring,65-74,59
2022-04-27,spring,75-84,93
2022-04-27,spring,85+,134
2022-04-28,spring,0-24,2
2022-04-28,spring,25-44,5
2022-04-28,spring,45-64,40
2022-04-28,spring,65-74,50
2022-04-28,spring,75-84,94
2022-04-28,spring,85+,140
2022-04-29,spring,0-24,3
2022-04-29,spring,25-44,6
2022-04-29,spring,45-64,29
2022-04-29,spring,65-74,57
2022-04-29,spring,75-84,91
2022-04-29,spring,85+,140
2022-04-30,spring,0-24,5
2022-04-30,spring,25-44,3
2022-04-30,spring,45-64,37
2022-04-30,spring,65-74,46
2022-04-30,spring,75-84,91
2022-04-30,spring,85+,140
2022-05-01,spring,0-24,2
2022-05-01,spring,25-44,7
2022-05-01,spring,45-64,40
2022-05-01,spring,65-74,53
2022-05-01,spring,75-84,78
2022-05-01,spring,85+,149
2022-05-02,spring,0-24,2
2022-05-02,spring,25-44,3
2022-05-02,spring,45-64,48
2022-05-02,spring,65-74,47
2022-05-02,spring,75-84,86
2022-05-02,spring,85+,160
2022-05-03,spring,0-24,2
2022-05-03,spring,25-44,9
2022-05-03,spring,45-64,25
2022-05-03,spring,65-74,48
2022-05-03,spring,75-84,79
2022-05-03,spring,85+,150
2022-05-04,spring,0-24,2
2022-05-04,spring,25-44,6
2022-05-04,spring,45-64,40
2022-05-04,spring,65-74,46
2022-05-04,spring,75-84,85
2022-05-04,spring,85+,185
2022-05-05,spring,25-44,6
2022-05-05,spring,45-64,41
2022-05-05,spring,65-74,48
2022-05-05,spring,75-84,69
2022-05-05,spring,85+,151
2022-05-06,spring,0-24,2
2022-05-06,spring,25-44,4
2022-05-06,spring,45-64,40
2022-05-06,spring,65-74,48
2022-05-06,spring,75-84,71
2022-05-06,spring,85+,126
2022-05-07,spring,0-24,1
2022-05-07,spring,25-44,11
2022-05-07,spring,45-64,47
2022-05-07,spring,65-74,51
2022-05-07,spring,75-84,66
2022-05-07,spring,85+,127
2022-05-08,spring,0-24,5
2022-05-08,spring,25-44,4
2022-05-08,spring,45-64,34
2022-05-08,spring,65-74,41
2022-05-08,spring,75-84,74
2022-05-08,spring,85+,126
2022-05-09,spring,0-24,3
2022-05-09,spring,25-44,7
2022-05-09,spring,45-64,35
2022-05-09,spring,65-74,54
2022-05-09,spring,75-84,84
2022-05-09,spring,85+,123
2022-05-10,spring,0-24,1
2022-05-10,spring,25-44,3
2022-05-10,spring,45-64,33
2022-05-10,spring,65-74,53
2022-05-10,spring,75-84,83
2022-05-10,spring,85+,155
2022-05-11,spring,0-24,5
2022-05-11,spring,25-44,4
2022-05-11,spring,45-64,35
2022-05-11,spring,65-74,48
2022-05-11,spring,75-84,79
2022-05-11,spring,85+,117
2022-05-12,spring,0-24,2
2022-05-12,spring,25-44,1
2022-05-12,spring,45-64,35
2022-05-12,spring,65-74,48
2022-05-12,spring,75-84,99
2022-05-12,spring,85+,139
2022-05-13,spring,0-24,1
2022-05-13,spring,25-44,6
2022-05-13,spring,45-64,28
2022-05-13,spring,65-74,38
2022-05-13,spring,75-84,77
2022-05-13,spring,85+,112
2022-05-14,spring,0-24,1
2022-05-14,spring,25-44,4
2022-05-14,spring,45-64,47
2022-05-14,spring,65-74,47
2022-05-14,spring,75-84,79
2022-05-14,spring,85+,132
2022-05-15,spring,0-24,3
2022-05-15,spring,25-44,9
2022-05-15,spring,45-64,33
2022-05-15,spring,65-74,38
2022-05-15,spring,75-84,71
2022-05-15,spring,85+,122
2022-05-16,spring,0-24,3
2022-05-16,spring,25-44,11
2022-05-16,spring,45-64,34
2022-05-16,spring,65-74,61
2022-05-16,spring,75-84,67
2022-05-16,spring,85+,117
2022-05-17,spring,0-24,1
2022-05-17,spring,25-44,7
2022-05-17,spring,45-64,42
2022-05-17,spring,65-74,51
2022-05-17,spring,75-84,87
2022-05-17,spring,85+,157
2022-05-18,spring,0-24,1
2022-05-18,spring,25-44,7
2022-05-18,spring,45-64,28
2022-05-18,spring,65-74,50
2022-05-18,spring,75-84,75
2022-05-18,spring,85+,129
2022-05-19,spring,0-24,4
2022-05-19,spring,25-44,7
2022-05-19,spring,45-64,43
2022-05-19,spring,65-74,54
2022-05-19,spring,75-84,85
2022-05-19,spring,85+,158
2022-05-20,spring,0-24,5
2022-05-20,spring,25-44,6
2022-05-20,spring,45-64,28
2022-05-20,spring,65-74,54
2022-05-20,spring,75-84,69
2022-05-20,spring,85+,124
2022-05-21,spring,0-24,3
2022-05-21,spring,25-44,4
2022-05-21,spring,45-64,29
2022-05-21,spring,65-74,50
2022-05-21,spring,75-84,70
2022-05-21,spring,85+,133
2022-05-22,spring,0-24,1
2022-05-22,spring,25-44,10
2022-05-22,spring,45-64,29
2022-05-22,spring,65-74,36
2022-05-22,spring,75-84,69
2022-05-22,spring,85+,91
2022-05-23,spring,0-24,5
2022-05-23,spring,25-44,6
2022-05-23,spring,45-64,39
2022-05-23,spring,65-74,54
2022-05-23,spring,75-84,70
2022-05-23,spring,85+,116
2022-05-24,spring,0-24,1
2022-05-24,spring,25-44,6
2022-05-24,spring,45-64,25
2022-05-24,spring,65-74,51
2022-05-24,spring,75-84,80
2022-05-24,spring,85+,114
2022-05-25,spring,0-24,1
2022-05-25,spring,25-44,7
2022-05-25,spring,45-64,32
2022-05-25,spring,65-74,49
2022-05-25,spring,75-84,63
2022-05-25,spring,85+,108
2022-05-26,spring,0-24,1
2022-05-26,spring,25-44,6
2022-05-26,spring,45-64,33
2022-05-26,spring,65-74,41
2022-05-26,spring,75-84,68
2022-05-26,spring,85+,114
2022-05-27,spring,0-24,2
2022-05-27,spring,25-44,8
2022-05-27,spring,45-64,42
2022-05-27,spring,65-74,52
2022-05-27,spring,75-84,66
2022-05-27,spring,85+,138
2022-05-28,spring,0-24,1
2022-05-28,spring,25-44,4
2022-05-28,spring,45-64,32
2022-05-28,spring,65-74,41
2022-05-28,spring,75-84,67
2022-05-28,spring,85+,123
2022-05-29,spring,0-24,2
2022-05-29,spring,25-44,7
2022-05-29,spring,45-64,34
2022-05-29,spring,65-74,24
2022-05-29,spring,75-84,63
2022-05-29,spring,85+,121
2022-05-30,spring,0-24,2
2022-05-30,spring,25-44,4
2022-05-30,spring,45-64,32
2022-05-30,spring,65-74,57
2022-05-30,spring,75-84,79
2022-05-30,spring,85+,113
2022-05-31,spring,0-24,2
2022-05-31,spring,25-44,6
2022-05-31,spring,45-64,31
2022-05-31,spring,65-74,43
2022-05-31,spring,75-84,77
2022-05-31,spring,85+,116
2022-06-01,spring,0-24,2
2022-06-01,spring,25-44,7
2022-06-01,spring,45-64,47
2022-06-01,spring,65-74,51
2022-06-01,spring,75-84,104
2022-06-01,spring,85+,142
2022-06-02,spring,0-24,4
2022-06-02,spring,25-44,8
2022-06-02,spring,45-64,31
2022-06-02,spring,65-74,52
2022-06-02,spring,75-84,92
2022-06-02,spring,85+,163
2022-06-03,spring,0-24,3
2022-06-03,spring,25-44,7
2022-06-03,spring,45-64,33
2022-06-03,spring,65-74,45
2022-06-03,spring,75-84,69
2022-06-03,spring,85+,131
2022-06-04,spring,0-24,4
2022-06-04,spring,25-44,9
2022-06-04,spring,45-64,42
2022-06-04,spring,65-74,53
2022-06-04,spring,75-84,100
2022-06-04,spring,85+,181
2022-06-05,spring,0-24,2
2022-06-05,spring,25-44,6
2022-06-05,spring,45-64,48
2022-06-05,spring,65-74,45
2022-06-05,spring,75-84,90
2022-06-05,spring,85+,143
2022-06-06,spring,0-24,1
2022-06-06,spring,25-44,5
2022-06-06,spring,45-64,25
2022-06-06,spring,65-74,33
2022-06-06,spring,75-84,74
2022-06-06,spring,85+,119
2022-06-07,spring,0-24,3
2022-06-07,spring,25-44,9
2022-06-07,spring,45-64,31
2022-06-07,spring,65-74,49
2022-06-07,spring,75-84,64
2022-06-07,spring,85+,119
2022-06-08,spring,0-24,2
2022-06-08,spring,25-44,2
2022-06-08,spring,45-64,30
2022-06-08,spring,65-74,49
2022-06-08,spring,75-84,61
2022-06-08,spring,85+,102
2022-06-09,spring,0-24,1
2022-06-09,spring,25-44,6
2022-06-09,spring,45-64,30
2022-06-09,spring,65-74,54
2022-06-09,spring,75-84,79
2022-06-09,spring,85+,110
2022-06-10,spring,0-24,1
2022-06-10,spring,25-44,9
2022-06-10,spring,45-64,25
2022-06-10,spring,65-74,48
2022-06-10,spring,75-84,57
2022-06-10,spring,85+,138
2022-06-11,spring,0-24,4
2022-06-11,spring,25-44,8
2022-06-11,spring,45-64,34
2022-06-11,spring,65-74,44
2022-06-11,spring,75-84,65
2022-06-11,spring,85+,106
2022-06-12,spring,0-24,1
2022-06-12,spring,25-44,7
2022-06-12,spring,45-64,37
2022-06-12,spring,65-74,50
2022-06-12,spring,75-84,81
2022-06-12,spring,85+,144
2022-06-13,spring,0-24,7
2022-06-13,spring,25-44,7
2022-06-13,spring,45-64,35
2022-06-13,spring,65-74,59
2022-06-13,spring,75-84,71
2022-06-13,spring,85+,88
2022-06-14,spring,0-24,4
2022-06-14,spring,25-44,7
2022-06-14,spring,45-64,37
2022-06-14,spring,65-74,64
2022-06-14,spring,75-84,68
2022-06-14,spring,85+,134
2022-06-15,spring,0-24,2
2022-06-15,spring,25-44,12
2022-06-15,spring,45-64,32
2022-06-15,spring,65-74,50
2022-06-15,spring,75-84,94
2022-06-15,spring,85+,114
2022-06-16,spring,0-24,5
2022-06-16,spring,25-44,4
2022-06-16,spring,45-64,38
2022-06-16,spring,65-74,55
2022-06-16,spring,75-84,72
2022-06-16,spring,85+,125
2022-06-17,spring,0-24,4
2022-06-17,spring,25-44,3
2022-06-17,spring,45-64,37
2022-06-17,spring,65-74,57
2022-06-17,spring,75-84,74
2022-06-17,spring,85+,133
2022-06-18,spring,0-24,2
2022-06-18,spring,25-44,4
2022-06-18,spring,45-64,33
2022-06-18,spring,65-74,59
2022-06-18,spring,75-84,93
2022-06-18,spring,85+,138
2022-06-19,spring,0-24,3
2022-06-19,spring,25-44,6
2022-06-19,spring,45-64,37
2022-06-19,spring,65-74,50
2022-06-19,spring,75-84,75
2022-06-19,spring,85+,115
2022-06-20,spring,25-44,8
2022-06-20,spring,45-64,32
2022-06-20,spring,65-74,47
2022-06-20,spring,75-84,78
2022-06-20,spring,85+,113
2022-06-21,summer,0-24,2
2022-06-21,summer,25-44,2
2022-06-21,summer,45-64,33
2022-06-21,summer,65-74,44
2022-06-21,summer,75-84,73
2022-06-21,summer,85+,117
2022-06-22,summer,0-24,4
2022-06-22,summer,25-44,5
2022-06-22,summer,45-64,31
2022-06-22,summer,65-74,50
2022-06-22,summer,75-84,73
2022-06-22,summer,85+,139
2022-06-23,summer,0-24,1
2022-06-23,summer,25-44,9
2022-06-23,summer,45-64,29
2022-06-23,summer,65-74,65
2022-06-23,summer,75-84,69
2022-06-23,summer,85+,115
2022-06-24,summer,0-24,4
2022-06-24,summer,25-44,7
2022-06-24,summer,45-64,39
2022-06-24,summer,65-74,51
2022-06-24,summer,75-84,78
2022-06-24,summer,85+,137
2022-06-25,summer,0-24,5
2022-06-25,summer,25-44,8
2022-06-25,summer,45-64,34
2022-06-25,summer,65-74,45
2022-06-25,summer,75-84,79
2022-06-25,summer,85+,122
2022-06-26,summer,0-24,3
2022-06-26,summer,25-44,6
2022-06-26,summer,45-64,35
2022-06-26,summer,65-74,34
2022-06-26,summer,75-84,75
2022-06-26,summer,85+,123
2022-06-27,summer,0-24,2
2022-06-27,summer,25-44,6
2022-06-27,summer,45-64,38
2022-06-27,summer,65-74,57
2022-06-27,summer,75-84,70
2022-06-27,summer,85+,108
2022-06-28,summer,0-24,3
2022-06-28,summer,25-44,9
2022-06-28,summer,45-64,31
2022-06-28,summer,65-74,47
2022-06-28,summer,75-84,67
2022-06-28,summer,85+,120
2022-06-29,summer,0-24,3
2022-06-29,summer,25-44,4
2022-06-29,summer,45-64,40
2022-06-29,summer,65-74,54
2022-06-29,summer,75-84,87
2022-06-29,summer,85+,125
2022-06-30,summer,0-24,2
2022-06-30,summer,25-44,10
2022-06-30,summer,45-64,41
2022-06-30,summer,65-74,45
2022-06-30,summer,75-84,82
2022-06-30,summer,85+,134
2022-07-01,summer,0-24,1
2022-07-01,summer,25-44,8
2022-07-01,summer,45-64,44
2022-07-01,summer,65-74,62
2022-07-01,summer,75-84,99
2022-07-01,summer,85+,155
2022-07-02,summer,0-24,5
2022-07-02,summer,25-44,7
2022-07-02,summer,45-64,37
2022-07-02,summer,65-74,48
2022-07-02,summer,75-84,83
2022-07-02,summer,85+,166
2022-07-03,summer,0-24,2
2022-07-03,summer,25-44,3
2022-07-03,summer,45-64,43
2022-07-03,summer,65-74,53
2022-07-03,summer,75-84,72
2022-07-03,summer,85+,145
2022-07-04,summer,0-24,1
2022-07-04,summer,25-44,6
2022-07-04,summer,45-64,40
2022-07-04,summer,65-74,64
2022-07-04,summer,75-84,93
2022-07-04,summer,85+,181
2022-07-05,summer,0-24,1
2022-07-05,summer,25-44,7
2022-07-05,summer,45-64,34
2022-07-05,summer,65-74,56
2022-07-05,summer,75-84,85
2022-07-05,summer,85+,130
2022-07-06,summer,0-24,3
2022-07-06,summer,25-44,5
2022-07-06,summer,45-64,30
2022-07-06,summer,65-74,52
2022-07-06,summer,75-84,69
2022-07-06,summer,85+,122
2022-07-07,summer,0-24,4
2022-07-07,summer,25-44,6
2022-07-07,summer,45-64,33
2022-07-07,summer,65-74,44
2022-07-07,summer,75-84,64
2022-07-07,summer,85+,134
2022-07-08,summer,0-24,2
2022-07-08,summer,25-44,3
2022-07-08,summer,45-64,33
2022-07-08,summer,65-74,44
2022-07-08,summer,75-84,82
2022-07-08,summer,85+,113
2022-07-09,summer,0-24,1
2022-07-09,summer,25-44,3
2022-07-09,summer,45-64,33
2022-07-09,summer,65-74,49
2022-07-09,summer,75-84,78
2022-07-09,summer,85+,112
2022-07-10,summer,0-24,2
2022-07-10,summer,25-44,9
2022-07-10,summer,45-64,36
2022-07-10,summer,65-74,60
2022-07-10,summer,75-84,80
2022-07-10,summer,85+,142
2022-07-11,summer,0-24,1
2022-07-11,summer,25-44,7
2022-07-11,summer,45-64,34
2022-07-11,summer,65-74,54
2022-07-11,summer,75-84,77
2022-07-11,summer,85+,134
2022-07-12,summer,0-24,5
2022-07-12,summer,25-44,11
2022-07-12,summer,45-64,40
2022-07-12,summer,65-74,77
2022-07-12,summer,75-84,97
2022-07-12,summer,85+,173
2022-07-13,summer,0-24,1
2022-07-13,summer,25-44,8
2022-07-13,summer,45-64,33
2022-07-13,summer,65-74,60
2022-07-13,summer,75-84,87
2022-07-13,summer,85+,130
2022-07-14,summer,0-24,2
2022-07-14,summer,25-44,3
2022-07-14,summer,45-64,35
2022-07-14,summer,65-74,52
2022-07-14,summer,75-84,92
2022-07-14,summer,85+,128
2022-07-15,summer,0-24,3
2022-07-15,summer,25-44,8
2022-07-15,summer,45-64,30
2022-07-15,summer,65-74,51
2022-07-15,summer,75-84,71
2022-07-15,summer,85+,114
2022-07-16,summer,0-24,4
2022-07-16,summer,25-44,6
2022-07-16,summer,45-64,23
2022-07-16,summer,65-74,58
2022-07-16,summer,75-84,74
2022-07-16,summer,85+,124
2022-07-17,summer,0-24,1
2022-07-17,summer,25-44,7
2022-07-17,summer,45-64,39
2022-07-17,summer,65-74,48
2022-07-17,summer,75-84,57
2022-07-17,summer,85+,126
2022-07-18,summer,0-24,5
2022-07-18,summer,25-44,10
2022-07-18,summer,45-64,39
2022-07-18,summer,65-74,47
2022-07-18,summer,75-84,74
2022-07-18,summer,85+,124
2022-07-19,summer,0-24,1
2022-07-19,summer,25-44,6
2022-07-19,summer,45-64,34
2022-07-19,summer,65-74,54
2022-07-19,summer,75-84,88
2022-07-19,summer,85+,147
2022-07-20,summer,0-24,6
2022-07-20,summer,25-44,6
2022-07-20,summer,45-64,41
2022-07-20,summer,65-74,54
2022-07-20,summer,75-84,87
2022-07-20,summer,85+,136
2022-07-21,summer,0-24,2
2022-07-21,summer,25-44,6
2022-07-21,summer,45-64,31
2022-07-21,summer,65-74,39
2022-07-21,summer,75-84,94
2022-07-21,summer,85+,126
2022-07-22,summer,0-24,1
2022-07-22,summer,25-44,6
2022-07-22,summer,45-64,32
2022-07-22,summer,65-74,48
2022-07-22,summer,75-84,86
2022-07-22,summer,85+,131
2022-07-23,summer,0-24,1
2022-07-23,summer,25-44,6
2022-07-23,summer,45-64,37
2022-07-23,summer,65-74,53
2022-07-23,summer,75-84,72
2022-07-23,summer,85+,125
2022-07-24,summer,0-24,2
2022-07-24,summer,25-44,6
2022-07-24,summer,45-64,37
2022-07-24,summer,65-74,45
2022-07-24,summer,75-84,79
2022-07-24,summer,85+,119
2022-07-25,summer,0-24,1
2022-07-25,summer,25-44,6
2022-07-25,summer,45-64,29
2022-07-25,summer,65-74,56
2022-07-25,summer,75-84,82
2022-07-25,summer,85+,126
2022-07-26,summer,0-24,2
2022-07-26,summer,25-44,7
2022-07-26,summer,45-64,50
2022-07-26,summer,65-74,50
2022-07-26,summer,75-84,78
2022-07-26,summer,85+,139
2022-07-27,summer,0-24,3
2022-07-27,summer,25-44,4
2022-07-27,summer,45-64,32
2022-07-27,summer,65-74,37
2022-07-27,summer,75-84,76
2022-07-27,summer,85+,123
2022-07-28,summer,0-24,2
2022-07-28,summer,25-44,7
2022-07-28,summer,45-64,36
2022-07-28,summer,65-74,38
2022-07-28,summer,75-84,64
2022-07-28,summer,85+,112
2022-07-29,summer,0-24,3
2022-07-29,summer,25-44,9
2022-07-29,summer,45-64,24
2022-07-29,summer,65-74,61
2022-07-29,summer,75-84,77
2022-07-29,summer,85+,129
2022-07-30,summer,0-24,4
2022-07-30,summer,25-44,2
2022-07-30,summer,45-64,33
2022-07-30,summer,65-74,37
2022-07-30,summer,75-84,78
2022-07-30,summer,85+,110
2022-07-31,summer,0-24,2
2022-07-31,summer,25-44,10
2022-07-31,summer,45-64,39
2022-07-31,summer,65-74,45
2022-07-31,summer,75-84,56
2022-07-31,summer,85+,133
2022-08-01,summer,0-24,2
2022-08-01,summer,25-44,4
2022-08-01,summer,45-64,38
2022-08-01,summer,65-74,48
2022-08-01,summer,75-84,85
2022-08-01,summer,85+,128
2022-08-02,summer,0-24,4
2022-08-02,summer,25-44,2
2022-08-02,summer,45-64,42
2022-08-02,summer,65-74,66
2022-08-02,summer,75-84,96
2022-08-02,summer,85+,168
2022-08-03,summer,0-24,1
2022-08-03,summer,25-44,5
2022-08-03,summer,45-64,38
2022-08-03,summer,65-74,59
2022-08-03,summer,75-84,92
2022-08-03,summer,85+,147
2022-08-04,summer,0-24,2
2022-08-04,summer,25-44,9
2022-08-04,summer,45-64,42
2022-08-04,summer,65-74,69
2022-08-04,summer,75-84,110
2022-08-04,summer,85+,163
2022-08-05,summer,25-44,7
2022-08-05,summer,45-64,37
2022-08-05,summer,65-74,51
2022-08-05,summer,75-84,84
2022-08-05,summer,85+,118
2022-08-06,summer,0-24,3
2022-08-06,summer,25-44,4
2022-08-06,summer,45-64,29
2022-08-06,summer,65-74,50
2022-08-06,summer,75-84,71
2022-08-06,summer,85+,119
2022-08-07,summer,0-24,1
2022-08-07,summer,25-44,9
2022-08-07,summer,45-64,37
2022-08-07,summer,65-74,63
2022-08-07,summer,75-84,87
2022-08-07,summer,85+,120
2022-08-08,summer,0-24,4
2022-08-08,summer,25-44,4
2022-08-08,summer,45-64,39
2022-08-08,summer,65-74,58
2022-08-08,summer,75-84,69
2022-08-08,summer,85+,128
2022-08-09,summer,0-24,1
2022-08-09,summer,25-44,4
2022-08-09,summer,45-64,42
2022-08-09,summer,65-74,43
2022-08-09,summer,75-84,87
2022-08-09,summer,85+,121
2022-08-10,summer,0-24,1
2022-08-10,summer,25-44,11
2022-08-10,summer,45-64,28
2022-08-10,summer,65-74,55
2022-08-10,summer,75-84,76
2022-08-10,summer,85+,164
2022-08-11,summer,0-24,6
2022-08-11,summer,25-44,4
2022-08-11,summer,45-64,36
2022-08-11,summer,65-74,49
2022-08-11,summer,75-84,71
2022-08-11,summer,85+,123
2022-08-12,summer,0-24,1
2022-08-12,summer,25-44,7
2022-08-12,summer,45-64,28
2022-08-12,summer,65-74,57
2022-08-12,summer,75-84,109
2022-08-12,summer,85+,175
2022-08-13,summer,0-24,5
2022-08-13,summer,25-44,4
2022-08-13,summer,45-64,24
2022-08-13,summer,65-74,48
2022-08-13,summer,75-84,86
2022-08-13,summer,85+,140
2022-08-14,summer,25-44,4
2022-08-14,summer,45-64,31
2022-08-14,summer,65-74,55
2022-08-14,summer,75-84,89
2022-08-14,summer,85+,154
2022-08-15,summer,0-24,1
2022-08-15,summer,25-44,8
2022-08-15,summer,45-64,30
2022-08-15,summer,65-74,42
2022-08-15,summer,75-84,66
2022-08-15,summer,85+,136
2022-08-16,summer,0-24,4
2022-08-16,summer,25-44,1
2022-08-16,summer,45-64,40
2022-08-16,summer,65-74,49
2022-08-16,summer,75-84,79
2022-08-16,summer,85+,138
2022-08-17,summer,0-24,3
2022-08-17,summer,25-44,5
2022-08-17,summer,45-64,30
2022-08-17,summer,65-74,57
2022-08-17,summer,75-84,88
2022-08-17,summer,85+,136
2022-08-18,summer,25-44,4
2022-08-18,summer,45-64,33
2022-08-18,summer,65-74,52
2022-08-18,summer,75-84,84
2022-08-18,summer,85+,139
2022-08-19,summer,25-44,6
2022-08-19,summer,45-64,37
2022-08-19,summer,65-74,53
2022-08-19,summer,75-84,98
2022-08-19,summer,85+,136
2022-08-20,summer,0-24,4
2022-08-20,summer,25-44,6
2022-08-20,summer,45-64,29
2022-08-20,summer,65-74,53
2022-08-20,summer,75-84,76
2022-08-20,summer,85+,113
2022-08-21,summer,0-24,2
2022-08-21,summer,25-44,3
2022-08-21,summer,45-64,30
2022-08-21,summer,65-74,39
2022-08-21,summer,75-84,75
2022-08-21,summer,85+,117
2022-08-22,summer,0-24,2
2022-08-22,summer,25-44,8
2022-08-22,summer,45-64,38
2022-08-22,summer,65-74,48
2022-08-22,summer,75-84,82
2022-08-22,summer,85+,140
2022-08-23,summer,0-24,4
2022-08-23,summer,25-44,10
2022-08-23,summer,45-64,28
2022-08-23,summer,65-74,52
2022-08-23,summer,75-84,83
2022-08-23,summer,85+,119
2022-08-24,summer,0-24,2
2022-08-24,summer,25-44,5
2022-08-24,summer,45-64,33
2022-08-24,summer,65-74,48
2022-08-24,summer,75-84,82
2022-08-24,summer,85+,133
2022-08-25,summer,0-24,6
2022-08-25,summer,25-44,6
2022-08-25,summer,45-64,32
2022-08-25,summer,65-74,61
2022-08-25,summer,75-84,101
2022-08-25,summer,85+,126
2022-08-26,summer,0-24,2
2022-08-26,summer,25-44,5
2022-08-26,summer,45-64,27
2022-08-26,summer,65-74,51
2022-08-26,summer,75-84,93
2022-08-26,summer,85+,116
2022-08-27,summer,0-24,2
2022-08-27,summer,25-44,5
2022-08-27,summer,45-64,34
2022-08-27,summer,65-74,44
2022-08-27,summer,75-84,62
2022-08-27,summer,85+,111
2022-08-28,summer,0-24,4
2022-08-28,summer,25-44,5
2022-08-28,summer,45-64,31
2022-08-28,summer,65-74,50
2022-08-28,summer,75-84,69
2022-08-28,summer,85+,110
2022-08-29,summer,0-24,1
2022-08-29,summer,25-44,5
2022-08-29,summer,45-64,33
2022-08-29,summer,65-74,53
2022-08-29,summer,75-84,82
2022-08-29,summer,85+,111
2022-08-30,summer,0-24,2
2022-08-30,summer,25-44,9
2022-08-30,summer,45-64,25
2022-08-30,summer,65-74,44
2022-08-30,summer,75-84,80
2022-08-30,summer,85+,117
2022-08-31,summer,0-24,1
2022-08-31,summer,25-44,5
2022-08-31,summer,45-64,32
2022-08-31,summer,65-74,55
2022-08-31,summer,75-84,58
2022-08-31,summer,85+,109
2022-09-01,summer,0-24,3
2022-09-01,summer,25-44,5
2022-09-01,summer,45-64,36
2022-09-01,summer,65-74,56
2022-09-01,summer,75-84,77
2022-09-01,summer,85+,135
2022-09-02,summer,0-24,5
2022-09-02,summer,25-44,5
2022-09-02,summer,45-64,31
2022-09-02,summer,65-74,50
2022-09-02,summer,75-84,107
2022-09-02,summer,85+,169
2022-09-03,summer,0-24,4
2022-09-03,summer,25-44,6
2022-09-03,summer,45-64,41
2022-09-03,summer,65-74,66
2022-09-03,summer,75-84,94
2022-09-03,summer,85+,158
2022-09-04,summer,0-24,4
2022-09-04,summer,25-44,5
2022-09-04,summer,45-64,28
2022-09-04,summer,65-74,63
2022-09-04,summer,75-84,79
2022-09-04,summer,85+,150
2022-09-05,summer,0-24,3
2022-09-05,summer,25-44,5
2022-09-05,summer,45-64,42
2022-09-05,summer,65-74,50
2022-09-05,summer,75-84,92
2022-09-05,summer,85+,113
2022-09-06,summer,0-24,1
2022-09-06,summer,25-44,10
2022-09-06,summer,45-64,43
2022-09-06,summer,65-74,59
2022-09-06,summer,75-84,82
2022-09-06,summer,85+,107
2022-09-07,summer,0-24,4
2022-09-07,summer,25-44,6
2022-09-07,summer,45-64,41
2022-09-07,summer,65-74,52
2022-09-07,summer,75-84,79
2022-09-07,summer,85+,115
2022-09-08,summer,25-44,7
2022-09-08,summer,45-64,44
2022-09-08,summer,65-74,57
2022-09-08,summer,75-84,84
2022-09-08,summer,85+,119
2022-09-09,summer,25-44,2
2022-09-09,summer,45-64,35
2022-09-09,summer,65-74,43
2022-09-09,summer,75-84,83
2022-09-09,summer,85+,131
2022-09-10,summer,0-24,2
2022-09-10,summer,25-44,11
2022-09-10,summer,45-64,42
2022-09-10,summer,65-74,59
2022-09-10,summer,75-84,75
2022-09-10,summer,85+,132
2022-09-11,summer,0-24,3
2022-09-11,summer,25-44,8
2022-09-11,summer,45-64,32
2022-09-11,summer,65-74,41
2022-09-11,summer,75-84,92
2022-09-11,summer,85+,113
2022-09-12,summer,0-24,4
2022-09-12,summer,25-44,5
2022-09-12,summer,45-64,40
2022-09-12,summer,65-74,55
2022-09-12,summer,75-84,96
2022-09-12,summer,85+,148
2022-09-13,summer,0-24,3
2022-09-13,summer,25-44,6
2022-09-13,summer,45-64,37
2022-09-13,summer,65-74,49
2022-09-13,summer,75-84,73
2022-09-13,summer,85+,123
2022-09-14,summer,0-24,2
2022-09-14,summer,25-44,7
2022-09-14,summer,45-64,35
2022-09-14,summer,65-74,53
2022-09-14,summer,75-84,82
2022-09-14,summer,85+,124
2022-09-15,summer,0-24,1
2022-09-15,summer,25-44,3
2022-09-15,summer,45-64,31
2022-09-15,summer,65-74,53
2022-09-15,summer,75-84,78
2022-09-15,summer,85+,105
2022-09-16,summer,25-44,7
2022-09-16,summer,45-64,45
2022-09-16,summer,65-74,40
2022-09-16,summer,75-84,64
2022-09-16,summer,85+,121
2022-09-17,summer,0-24,5
2022-09-17,summer,25-44,5
2022-09-17,summer,45-64,36
2022-09-17,summer,65-74,28
2022-09-17,summer,75-84,60
2022-09-17,summer,85+,125
2022-09-18,summer,0-24,3
2022-09-18,summer,25-44,4
2022-09-18,summer,45-64,28
2022-09-18,summer,65-74,46
2022-09-18,summer,75-84,66
2022-09-18,summer,85+,92
2022-09-19,summer,0-24,3
2022-09-19,summer,25-44,11
2022-09-19,summer,45-64,25
2022-09-19,summer,65-74,32
2022-09-19,summer,75-84,63
2022-09-19,summer,85+,119
2022-09-20,summer,0-24,4
2022-09-20,summer,25-44,6
2022-09-20,summer,45-64,38
2022-09-20,summer,65-74,61
2022-09-20,summer,75-84,84
2022-09-20,summer,85+,108
2022-09-21,summer,0-24,1
2022-09-21,summer,25-44,10
2022-09-21,summer,45-64,28
2022-09-21,summer,65-74,51
2022-09-21,summer,75-84,70
2022-09-21,summer,85+,137
2022-09-22,summer,0-24,6
2022-09-22,summer,25-44,6
2022-09-22,summer,45-64,43
2022-09-22,summer,65-74,48
2022-09-22,summer,75-84,76
2022-09-22,summer,85+,132
2022-09-23,autumn,0-24,1
2022-09-23,autumn,25-44,6
2022-09-23,autumn,45-64,39
2022-09-23,autumn,65-74,49
2022-09-23,autumn,75-84,81
2022-09-23,autumn,85+,122
2022-09-24,autumn,0-24,1
2022-09-24,autumn,25-44,4
2022-09-24,autumn,45-64,38
2022-09-24,autumn,65-74,44
2022-09-24,autumn,75-84,74
2022-09-24,autumn,85+,132
2022-09-25,autumn,0-24,3
2022-09-25,autumn,25-44,4
2022-09-25,autumn,45-64,38
2022-09-25,autumn,65-74,43
2022-09-25,autumn,75-84,71
2022-09-25,autumn,85+,128
2022-09-26,autumn,0-24,3
2022-09-26,autumn,25-44,7
2022-09-26,autumn,45-64,35
2022-09-26,autumn,65-74,41
2022-09-26,autumn,75-84,58
2022-09-26,autumn,85+,118
2022-09-27,autumn,0-24,4
2022-09-27,autumn,25-44,5
2022-09-27,autumn,45-64,44
2022-09-27,autumn,65-74,60
2022-09-27,autumn,75-84,74
2022-09-27,autumn,85+,117
2022-09-28,autumn,0-24,4
2022-09-28,autumn,25-44,4
2022-09-28,autumn,45-64,38
2022-09-28,autumn,65-74,48
2022-09-28,autumn,75-84,92
2022-09-28,autumn,85+,122
2022-09-29,autumn,0-24,3
2022-09-29,autumn,25-44,11
2022-09-29,autumn,45-64,29
2022-09-29,autumn,65-74,45
2022-09-29,autumn,75-84,92
2022-09-29,autumn,85+,141
2022-09-30,autumn,0-24,4
2022-09-30,autumn,25-44,4
2022-09-30,autumn,45-64,43
2022-09-30,autumn,65-74,50
2022-09-30,autumn,75-84,77
2022-09-30,autumn,85+,141
2022-10-01,autumn,0-24,2
2022-10-01,autumn,25-44,6
2022-10-01,autumn,45-64,44
2022-10-01,autumn,65-74,46
2022-10-01,autumn,75-84,72
2022-10-01,autumn,85+,137
2022-10-02,autumn,0-24,2
2022-10-02,autumn,25-44,7
2022-10-02,autumn,45-64,38
2022-10-02,autumn,65-74,50
2022-10-02,autumn,75-84,99
2022-10-02,autumn,85+,187
2022-10-03,autumn,0-24,3
2022-10-03,autumn,25-44,9
2022-10-03,autumn,45-64,40
2022-10-03,autumn,65-74,54
2022-10-03,autumn,75-84,97
2022-10-03,autumn,85+,129
2022-10-04,autumn,0-24,3
2022-10-04,autumn,25-44,8
2022-10-04,autumn,45-64,27
2022-10-04,autumn,65-74,54
2022-10-04,autumn,75-84,96
2022-10-04,autumn,85+,162
2022-10-05,autumn,0-24,3
2022-10-05,autumn,25-44,3
2022-10-05,autumn,45-64,37
2022-10-05,autumn,65-74,44
2022-10-05,autumn,75-84,72
2022-10-05,autumn,85+,147
2022-10-06,autumn,0-24,4
2022-10-06,autumn,25-44,6
2022-10-06,autumn,45-64,43
2022-10-06,autumn,65-74,57
2022-10-06,autumn,75-84,75
2022-10-06,autumn,85+,110
2022-10-07,autumn,0-24,2
2022-10-07,autumn,25-44,7
2022-10-07,autumn,45-64,33
2022-10-07,autumn,65-74,40
2022-10-07,autumn,75-84,84
2022-10-07,autumn,85+,101
2022-10-08,autumn,0-24,2
2022-10-08,autumn,25-44,3
2022-10-08,autumn,45-64,35
2022-10-08,autumn,65-74,54
2022-10-08,autumn,75-84,91
2022-10-08,autumn,85+,132
2022-10-09,autumn,0-24,4
2022-10-09,autumn,25-44,10
2022-10-09,autumn,45-64,35
2022-10-09,autumn,65-74,41
2022-10-09,autumn,75-84,67
2022-10-09,autumn,85+,121
2022-10-10,autumn,0-24,2
2022-10-10,autumn,25-44,5
2022-10-10,autumn,45-64,34
2022-10-10,autumn,65-74,51
2022-10-10,autumn,75-84,70
2022-10-10,autumn,85+,136
2022-10-11,autumn,0-24,3
2022-10-11,autumn,25-44,5
2022-10-11,autumn,45-64,36
2022-10-11,autumn,65-74,65
2022-10-11,autumn,75-84,97
2022-10-11,autumn,85+,130
2022-10-12,autumn,0-24,2
2022-10-12,autumn,25-44,3
2022-10-12,autumn,45-64,36
2022-10-12,autumn,65-74,64
2022-10-12,autumn,75-84,82
2022-10-12,autumn,85+,164
2022-10-13,autumn,0-24,1
2022-10-13,autumn,25-44,1
2022-10-13,autumn,45-64,49
2022-10-13,autumn,65-74,54
2022-10-13,autumn,75-84,82
2022-10-13,autumn,85+,127
2022-10-14,autumn,0-24,3
2022-10-14,autumn,25-44,7
2022-10-14,autumn,45-64,30
2022-10-14,autumn,65-74,54
2022-10-14,autumn,75-84,76
2022-10-14,autumn,85+,139
2022-10-15,autumn,0-24,1
2022-10-15,autumn,25-44,6
2022-10-15,autumn,45-64,32
2022-10-15,autumn,65-74,50
2022-10-15,autumn,75-84,89
2022-10-15,autumn,85+,168
2022-10-16,autumn,0-24,2
2022-10-16,autumn,25-44,5
2022-10-16,autumn,45-64,28
2022-10-16,autumn,65-74,33
2022-10-16,autumn,75-84,82
2022-10-16,autumn,85+,124
2022-10-17,autumn,0-24,1
2022-10-17,autumn,25-44,8
2022-10-17,autumn,45-64,28
2022-10-17,autumn,65-74,52
2022-10-17,autumn,75-84,73
2022-10-17,autumn,85+,129
2022-10-18,autumn,0-24,4
2022-10-18,autumn,25-44,9
2022-10-18,autumn,45-64,30
2022-10-18,autumn,65-74,57
2022-10-18,autumn,75-84,88
2022-10-18,autumn,85+,161
2022-10-19,autumn,0-24,3
2022-10-19,autumn,25-44,3
2022-10-19,autumn,45-64,29
2022-10-19,autumn,65-74,53
2022-10-19,autumn,75-84,81
2022-10-19,autumn,85+,153
2022-10-20,autumn,0-24,1
2022-10-20,autumn,25-44,5
2022-10-20,autumn,45-64,35
2022-10-20,autumn,65-74,55
2022-10-20,autumn,75-84,79
2022-10-20,autumn,85+,149
2022-10-21,autumn,25-44,1
2022-10-21,autumn,45-64,36
2022-10-21,autumn,65-74,49
2022-10-21,autumn,75-84,92
2022-10-21,autumn,85+,133
2022-10-22,autumn,0-24,1
2022-10-22,autumn,25-44,6
2022-10-22,autumn,45-64,34
2022-10-22,autumn,65-74,57
2022-10-22,autumn,75-84,85
2022-10-22,autumn,85+,139
2022-10-23,autumn,0-24,5
2022-10-23,autumn,25-44,3
2022-10-23,autumn,45-64,30
2022-10-23,autumn,65-74,48
2022-10-23,autumn,75-84,83
2022-10-23,autumn,85+,110
2022-10-24,autumn,0-24,3
2022-10-24,autumn,25-44,6
2022-10-24,autumn,45-64,36
2022-10-24,autumn,65-74,53
2022-10-24,autumn,75-84,69
2022-10-24,autumn,85+,147
2022-10-25,autumn,0-24,1
2022-10-25,autumn,25-44,7
2022-10-25,autumn,45-64,37
2022-10-25,autumn,65-74,62
2022-10-25,autumn,75-84,84
2022-10-25,autumn,85+,136
2022-10-26,autumn,0-24,3
2022-10-26,autumn,25-44,3
2022-10-26,autumn,45-64,33
2022-10-26,autumn,65-74,55
2022-10-26,autumn,75-84,72
2022-10-26,autumn,85+,147
2022-10-27,autumn,0-24,3
2022-10-27,autumn,25-44,3
2022-10-27,autumn,45-64,38
2022-10-27,autumn,65-74,53
2022-10-27,autumn,75-84,84
2022-10-27,autumn,85+,116
2022-10-28,autumn,0-24,5
2022-10-28,autumn,25-44,5
2022-10-28,autumn,45-64,37
2022-10-28,autumn,65-74,58
2022-10-28,autumn,75-84,87
2022-10-28,autumn,85+,138
2022-10-29,autumn,0-24,4
2022-10-29,autumn,25-44,1
2022-10-29,autumn,45-64,26
2022-10-29,autumn,65-74,51
2022-10-29,autumn,75-84,75
2022-10-29,autumn,85+,147
2022-10-30,autumn,25-44,7
2022-10-30,autumn,45-64,52
2022-10-30,autumn,65-74,48
2022-10-30,autumn,75-84,61
2022-10-30,autumn,85+,113
2022-10-31,autumn,0-24,4
2022-10-31,autumn,25-44,6
2022-10-31,autumn,45-64,33
2022-10-31,autumn,65-74,48
2022-10-31,autumn,75-84,69
2022-10-31,autumn,85+,118
2022-11-01,autumn,25-44,6
2022-11-01,autumn,45-64,38
2022-11-01,autumn,65-74,69
2022-11-01,autumn,75-84,80
2022-11-01,autumn,85+,142
2022-11-02,autumn,0-24,3
2022-11-02,autumn,25-44,5
2022-11-02,autumn,45-64,33
2022-11-02,autumn,65-74,52
2022-11-02,autumn,75-84,97
2022-11-02,autumn,85+,180
2022-11-03,autumn,0-24,2
2022-11-03,autumn,25-44,5
2022-11-03,autumn,45-64,35
2022-11-03,autumn,65-74,58
2022-11-03,autumn,75-84,124
2022-11-03,autumn,85+,164
2022-11-04,autumn,0-24,1
2022-11-04,autumn,25-44,7
2022-11-04,autumn,45-64,26
2022-11-04,autumn,65-74,46
2022-11-04,autumn,75-84,84
2022-11-04,autumn,85+,149
2022-11-05,autumn,0-24,2
2022-11-05,autumn,25-44,14
2022-11-05,autumn,45-64,27
2022-11-05,autumn,65-74,53
2022-11-05,autumn,75-84,82
2022-11-05,autumn,85+,128
2022-11-06,autumn,0-24,3
2022-11-06,autumn,25-44,6
2022-11-06,autumn,45-64,28
2022-11-06,autumn,65-74,44
2022-11-06,autumn,75-84,79
2022-11-06,autumn,85+,123
2022-11-07,autumn,0-24,1
2022-11-07,autumn,25-44,5
2022-11-07,autumn,45-64,35
2022-11-07,autumn,65-74,52
2022-11-07,autumn,75-84,84
2022-11-07,autumn,85+,101
2022-11-08,autumn,0-24,1
2022-11-08,autumn,25-44,10
2022-11-08,autumn,45-64,38
2022-11-08,autumn,65-74,49
2022-11-08,autumn,75-84,75
2022-11-08,autumn,85+,127
2022-11-09,autumn,0-24,3
2022-11-09,autumn,25-44,6
2022-11-09,autumn,45-64,27
2022-11-09,autumn,65-74,46
2022-11-09,autumn,75-84,66
2022-11-09,autumn,85+,116
2022-11-10,autumn,0-24,3
2022-11-10,autumn,25-44,5
2022-11-10,autumn,45-64,45
2022-11-10,autumn,65-74,65
2022-11-10,autumn,75-84,91
2022-11-10,autumn,85+,152
2022-11-11,autumn,0-24,1
2022-11-11,autumn,25-44,2
2022-11-11,autumn,45-64,33
2022-11-11,autumn,65-74,39
2022-11-11,autumn,75-84,86
2022-11-11,autumn,85+,136
2022-11-12,autumn,0-24,1
2022-11-12,autumn,25-44,7
2022-11-12,autumn,45-64,37
2022-11-12,autumn,65-74,58
2022-11-12,autumn,75-84,115
2022-11-12,autumn,85+,156
2022-11-13,autumn,0-24,1
2022-11-13,autumn,25-44,3
2022-11-13,autumn,45-64,26
2022-11-13,autumn,65-74,52
2022-11-13,autumn,75-84,66
2022-11-13,autumn,85+,115
2022-11-14,autumn,0-24,2
2022-11-14,autumn,25-44,1
2022-11-14,autumn,45-64,21
2022-11-14,autumn,65-74,44
2022-11-14,autumn,75-84,76
2022-11-14,autumn,85+,138
2022-11-15,autumn,0-24,6
2022-11-15,autumn,25-44,8
2022-11-15,autumn,45-64,46
2022-11-15,autumn,65-74,48
2022-11-15,autumn,75-84,74
2022-11-15,autumn,85+,142
2022-11-16,autumn,0-24,3
2022-11-16,autumn,25-44,5
2022-11-16,autumn,45-64,28
2022-11-16,autumn,65-74,62
2022-11-16,autumn,75-84,76
2022-11-16,autumn,85+,140
2022-11-17,autumn,0-24,4
2022-11-17,autumn,25-44,9
2022-11-17,autumn,45-64,38
2022-11-17,autumn,65-74,46
2022-11-17,autumn,75-84,73
2022-11-17,autumn,85+,109
2022-11-18,autumn,0-24,4
2022-11-18,autumn,25-44,4
2022-11-18,autumn,45-64,27
2022-11-18,autumn,65-74,63
2022-11-18,autumn,75-84,77
2022-11-18,autumn,85+,135
2022-11-19,autumn,0-24,1
2022-11-19,autumn,25-44,5
2022-11-19,autumn,45-64,23
2022-11-19,autumn,65-74,45
2022-11-19,autumn,75-84,88
2022-11-19,autumn,85+,116
2022-11-20,autumn,0-24,2
2022-11-20,autumn,25-44,7
2022-11-20,autumn,45-64,38
2022-11-20,autumn,65-74,44
2022-11-20,autumn,75-84,68
2022-11-20,autumn,85+,124
2022-11-21,autumn,0-24,2
2022-11-21,autumn,25-44,9
2022-11-21,autumn,45-64,29
2022-11-21,autumn,65-74,43
2022-11-21,autumn,75-84,81
2022-11-21,autumn,85+,129
2022-11-22,autumn,0-24,3
2022-11-22,autumn,25-44,7
2022-11-22,autumn,45-64,45
2022-11-22,autumn,65-74,56
2022-11-22,autumn,75-84,101
2022-11-22,autumn,85+,118
2022-11-23,autumn,0-24,2
2022-11-23,autumn,25-44,6
2022-11-23,autumn,45-64,31
2022-11-23,autumn,65-74,45
2022-11-23,autumn,75-84,88
2022-11-23,autumn,85+,168
2022-11-24,autumn,0-24,6
2022-11-24,autumn,25-44,7
2022-11-24,autumn,45-64,40
2022-11-24,autumn,65-74,51
2022-11-24,autumn,75-84,69
2022-11-24,autumn,85+,135
2022-11-25,autumn,0-24,5
2022-11-25,autumn,25-44,3
2022-11-25,autumn,45-64,38
2022-11-25,autumn,65-74,64
2022-11-25,autumn,75-84,86
2022-11-25,autumn,85+,141
2022-11-26,autumn,0-24,2
2022-11-26,autumn,25-44,3
2022-11-26,autumn,45-64,34
2022-11-26,autumn,65-74,50
2022-11-26,autumn,75-84,81
2022-11-26,autumn,85+,133
2022-11-27,autumn,0-24,1
2022-11-27,autumn,25-44,4
2022-11-27,autumn,45-64,41
2022-11-27,autumn,65-74,34
2022-11-27,autumn,75-84,99
2022-11-27,autumn,85+,119
2022-11-28,autumn,0-24,1
2022-11-28,autumn,25-44,6
2022-11-28,autumn,45-64,32
2022-11-28,autumn,65-74,53
2022-11-28,autumn,75-84,86
2022-11-28,autumn,85+,135
2022-11-29,autumn,0-24,1
2022-11-29,autumn,25-44,7
2022-11-29,autumn,45-64,35
2022-11-29,autumn,65-74,54
2022-11-29,autumn,75-84,82
2022-11-29,autumn,85+,126
2022-11-30,autumn,0-24,3
2022-11-30,autumn,25-44,6
2022-11-30,autumn,45-64,40
2022-11-30,autumn,65-74,56
2022-11-30,autumn,75-84,92
2022-11-30,autumn,85+,141
2022-12-01,autumn,0-24,4
2022-12-01,autumn,25-44,5
2022-12-01,autumn,45-64,38
2022-12-01,autumn,65-74,59
2022-12-01,autumn,75-84,85
2022-12-01,autumn,85+,140
2022-12-02,autumn,0-24,2
2022-12-02,autumn,25-44,5
2022-12-02,autumn,45-64,42
2022-12-02,autumn,65-74,58
2022-12-02,autumn,75-84,101
2022-12-02,autumn,85+,155
2022-12-03,autumn,0-24,4
2022-12-03,autumn,25-44,4
2022-12-03,autumn,45-64,31
2022-12-03,autumn,65-74,61
2022-12-03,autumn,75-84,82
2022-12-03,autumn,85+,157
2022-12-04,autumn,0-24,3
2022-12-04,autumn,25-44,6
2022-12-04,autumn,45-64,48
2022-12-04,autumn,65-74,54
2022-12-04,autumn,75-84,90
2022-12-04,autumn,85+,177
2022-12-05,autumn,0-24,1
2022-12-05,autumn,25-44,6
2022-12-05,autumn,45-64,35
2022-12-05,autumn,65-74,47
2022-12-05,autumn,75-84,77
2022-12-05,autumn,85+,124
2022-12-06,autumn,0-24,2
2022-12-06,autumn,25-44,5
2022-12-06,autumn,45-64,37
2022-12-06,autumn,65-74,47
2022-12-06,autumn,75-84,54
2022-12-06,autumn,85+,93
2022-12-07,autumn,0-24,7
2022-12-07,autumn,25-44,7
2022-12-07,autumn,45-64,29
2022-12-07,autumn,65-74,43
2022-12-07,autumn,75-84,74
2022-12-07,autumn,85+,138
2022-12-08,autumn,0-24,2
2022-12-08,autumn,25-44,7
2022-12-08,autumn,45-64,33
2022-12-08,autumn,65-74,43
2022-12-08,autumn,75-84,68
2022-12-08,autumn,85+,119
2022-12-09,autumn,0-24,2
2022-12-09,autumn,25-44,8
2022-12-09,autumn,45-64,27
2022-12-09,autumn,65-74,45
2022-12-09,autumn,75-84,53
2022-12-09,autumn,85+,127
2022-12-10,autumn,0-24,1
2022-12-10,autumn,25-44,11
2022-12-10,autumn,45-64,31
2022-12-10,autumn,65-74,54
2022-12-10,autumn,75-84,83
2022-12-10,autumn,85+,133
2022-12-11,autumn,25-44,7
2022-12-11,autumn,45-64,33
2022-12-11,autumn,65-74,43
2022-12-11,autumn,75-84,74
2022-12-11,autumn,85+,113
2022-12-12,autumn,0-24,3
2022-12-12,autumn,25-44,6
2022-12-12,autumn,45-64,47
2022-12-12,autumn,65-74,50
2022-12-12,autumn,75-84,95
2022-12-12,autumn,85+,169
2022-12-13,autumn,0-24,2
2022-12-13,autumn,25-44,2
2022-12-13,autumn,45-64,30
2022-12-13,autumn,65-74,56
2022-12-13,autumn,75-84,86
2022-12-13,autumn,85+,170
2022-12-14,autumn,0-24,6
2022-12-14,autumn,25-44,9
2022-12-14,autumn,45-64,47
2022-12-14,autumn,65-74,50
2022-12-14,autumn,75-84,106
2022-12-14,autumn,85+,157
2022-12-15,autumn,0-24,3
2022-12-15,autumn,25-44,5
2022-12-15,autumn,45-64,45
2022-12-15,autumn,65-74,65
2022-12-15,autumn,75-84,110
2022-12-15,autumn,85+,186
2022-12-16,autumn,0-24,3
2022-12-16,autumn,25-44,4
2022-12-16,autumn,45-64,42
2022-12-16,autumn,65-74,58
2022-12-16,autumn,75-84,108
2022-12-16,autumn,85+,169
2022-12-17,autumn,0-24,3
2022-12-17,autumn,25-44,4
2022-12-17,autumn,45-64,35
2022-12-17,autumn,65-74,59
2022-12-17,autumn,75-84,105
2022-12-17,autumn,85+,171
2022-12-18,autumn,0-24,1
2022-12-18,autumn,25-44,6
2022-12-18,autumn,45-64,30
2022-12-18,autumn,65-74,56
2022-12-18,autumn,75-84,98
2022-12-18,autumn,85+,175
2022-12-19,autumn,0-24,3
2022-12-19,autumn,25-44,6
2022-12-19,autumn,45-64,47
2022-12-19,autumn,65-74,73
2022-12-19,autumn,75-84,91
2022-12-19,autumn,85+,185
2022-12-20,autumn,0-24,3
2022-12-20,autumn,25-44,5
2022-12-20,autumn,45-64,50
2022-12-20,autumn,65-74,76
2022-12-20,autumn,75-84,103
2022-12-20,autumn,85+,223
2022-12-21,winter,0-24,2
2022-12-21,winter,25-44,7
2022-12-21,winter,45-64,46
2022-12-21,winter,65-74,72
2022-12-21,winter,75-84,93
2022-12-21,winter,85+,196
2022-12-22,winter,0-24,3
2022-12-22,winter,25-44,7
2022-12-22,winter,45-64,50
2022-12-22,winter,65-74,77
2022-12-22,winter,75-84,122
2022-12-22,winter,85+,202
2022-12-23,winter,0-24,5
2022-12-23,winter,25-44,9
2022-12-23,winter,45-64,39
2022-12-23,winter,65-74,70
2022-12-23,winter,75-84,112
2022-12-23,winter,85+,229
2022-12-24,winter,0-24,2
2022-12-24,winter,25-44,2
2022-12-24,winter,45-64,39
2022-12-24,winter,65-74,64
2022-12-24,winter,75-84,115
2022-12-24,winter,85+,221
2022-12-25,winter,25-44,6
2022-12-25,winter,45-64,44
2022-12-25,winter,65-74,48
2022-12-25,winter,75-84,110
2022-12-25,winter,85+,182
2022-12-26,winter,0-24,1
2022-12-26,winter,25-44,3
2022-12-26,winter,45-64,46
2022-12-26,winter,65-74,71
2022-12-26,winter,75-84,97
2022-12-26,winter,85+,201
2022-12-27,winter,0-24,2
2022-12-27,winter,25-44,6
2022-12-27,winter,45-64,39
2022-12-27,winter,65-74,74
2022-12-27,winter,75-84,100
2022-12-27,winter,85+,178
2022-12-28,winter,0-24,3
2022-12-28,winter,25-44,10
2022-12-28,winter,45-64,56
2022-12-28,winter,65-74,59
2022-12-28,winter,75-84,112
2022-12-28,winter,85+,180
2022-12-29,winter,0-24,5
2022-12-29,winter,25-44,8
2022-12-29,winter,45-64,32
2022-12-29,winter,65-74,58
2022-12-29,winter,75-84,94
2022-12-29,winter,85+,214
2022-12-30,winter,0-24,5
2022-12-30,winter,25-44,8
2022-12-30,winter,45-64,37
2022-12-30,winter,65-74,55
2022-12-30,winter,75-84,108
2022-12-30,winter,85+,199
2022-12-31,winter,25-44,6
2022-12-31,winter,45-64,32
2022-12-31,winter,65-74,65
2022-12-31,winter,75-84,108
2022-12-31,winter,85+,195
2023-01-01,winter,0-24,2
2023-01-01,winter,25-44,4
2023-01-01,winter,45-64,49
2023-01-01,winter,65-74,64
2023-01-01,winter,75-84,89
2023-01-01,winter,85+,183
2023-01-02,winter,0-24,4
2023-01-02,winter,25-44,5
2023-01-02,winter,45-64,35
2023-01-02,winter,65-74,39
2023-01-02,winter,75-84,116
2023-01-02,winter,85+,151
2023-01-03,winter,0-24,2
2023-01-03,winter,25-44,13
2023-01-03,winter,45-64,36
2023-01-03,winter,65-74,52
2023-01-03,winter,75-84,78
2023-01-03,winter,85+,152
2023-01-04,winter,0-24,3
2023-01-04,winter,25-44,4
2023-01-04,winter,45-64,33
2023-01-04,winter,65-74,60
2023-01-04,winter,75-84,72
2023-01-04,winter,85+,145
2023-01-05,winter,25-44,5
2023-01-05,winter,45-64,25
2023-01-05,winter,65-74,38
2023-01-05,winter,75-84,70
2023-01-05,winter,85+,103
2023-01-06,winter,0-24,1
2023-01-06,winter,25-44,9
2023-01-06,winter,45-64,36
2023-01-06,winter,65-74,44
2023-01-06,winter,75-84,79
2023-01-06,winter,85+,102
2023-01-07,winter,0-24,2
2023-01-07,winter,25-44,3
2023-01-07,winter,45-64,24
2023-01-07,winter,65-74,27
2023-01-07,winter,75-84,68
2023-01-07,winter,85+,111
2023-01-08,winter,25-44,7
2023-01-08,winter,45-64,28
2023-01-08,winter,65-74,38
2023-01-08,winter,75-84,66
2023-01-08,winter,85+,115
2023-01-09,winter,0-24,3
2023-01-09,winter,25-44,8
2023-01-09,winter,45-64,39
2023-01-09,winter,65-74,40
2023-01-09,winter,75-84,83
2023-01-09,winter,85+,104
2023-01-10,winter,0-24,2
2023-01-10,winter,25-44,5
2023-01-10,winter,45-64,27
2023-01-10,winter,65-74,36
2023-01-10,winter,75-84,63
2023-01-10,winter,85+,121
2023-01-11,winter,0-24,2
2023-01-11,winter,25-44,4
2023-01-11,winter,45-64,34
2023-01-11,winter,65-74,42
2023-01-11,winter,75-84,69
2023-01-11,winter,85+,151
2023-01-12,winter,0-24,3
2023-01-12,winter,25-44,4
2023-01-12,winter,45-64,37
2023-01-12,winter,65-74,58
2023-01-12,winter,75-84,94
2023-01-12,winter,85+,157
2023-01-13,winter,25-44,10
2023-01-13,winter,45-64,34
2023-01-13,winter,65-74,53
2023-01-13,winter,75-84,91
2023-01-13,winter,85+,187
2023-01-14,winter,0-24,2
2023-01-14,winter,25-44,6
2023-01-14,winter,45-64,40
2023-01-14,winter,65-74,54
2023-01-14,winter,75-84,86
2023-01-14,winter,85+,186
2023-01-15,winter,0-24,3
2023-01-15,winter,25-44,6
2023-01-15,winter,45-64,31
2023-01-15,winter,65-74,50
2023-01-15,winter,75-84,92
2023-01-15,winter,85+,151
2023-01-16,winter,0-24,4
2023-01-16,winter,25-44,7
2023-01-16,winter,45-64,50
2023-01-16,winter,65-74,51
2023-01-16,winter,75-84,92
2023-01-16,winter,85+,153
2023-01-17,winter,0-24,7
2023-01-17,winter,25-44,3
2023-01-17,winter,45-64,37
2023-01-17,winter,65-74,54
2023-01-17,winter,75-84,90
2023-01-17,winter,85+,173
2023-01-18,winter,0-24,1
2023-01-18,winter,25-44,7
2023-01-18,winter,45-64,41
2023-01-18,winter,65-74,50
2023-01-18,winter,75-84,83
2023-01-18,winter,85+,146
2023-01-19,winter,0-24,1
2023-01-19,winter,25-44,5
2023-01-19,winter,45-64,40
2023-01-19,winter,65-74,52
2023-01-19,winter,75-84,82
2023-01-19,winter,85+,123
2023-01-20,winter,0-24,4
2023-01-20,winter,25-44,5
2023-01-20,winter,45-64,47
2023-01-20,winter,65-74,52
2023-01-20,winter,75-84,87
2023-01-20,winter,85+,167
2023-01-21,winter,0-24,3
2023-01-21,winter,25-44,7
2023-01-21,winter,45-64,39
2023-01-21,winter,65-74,49
2023-01-21,winter,75-84,68
2023-01-21,winter,85+,147
2023-01-22,winter,0-24,2
2023-01-22,winter,25-44,7
2023-01-22,winter,45-64,33
2023-01-22,winter,65-74,48
2023-01-22,winter,75-84,88
2023-01-22,winter,85+,134
2023-01-23,winter,0-24,2
2023-01-23,winter,25-44,10
2023-01-23,winter,45-64,34
2023-01-23,winter,65-74,38
2023-01-23,winter,75-84,74
2023-01-23,winter,85+,136
2023-01-24,winter,0-24,1
2023-01-24,winter,25-44,7
2023-01-24,winter,45-64,30
2023-01-24,winter,65-74,46
2023-01-24,winter,75-84,80
2023-01-24,winter,85+,164
2023-01-25,winter,0-24,1
2023-01-25,winter,25-44,10
2023-01-25,winter,45-64,45
2023-01-25,winter,65-74,57
2023-01-25,winter,75-84,80
2023-01-25,winter,85+,133
2023-01-26,winter,0-24,2
2023-01-26,winter,25-44,3
2023-01-26,winter,45-64,27
2023-01-26,winter,65-74,54
2023-01-26,winter,75-84,97
2023-01-26,winter,85+,150
2023-01-27,winter,0-24,4
2023-01-27,winter,25-44,3
2023-01-27,winter,45-64,36
2023-01-27,winter,65-74,58
2023-01-27,winter,75-84,104
2023-01-27,winter,85+,173
2023-01-28,winter,0-24,2
2023-01-28,winter,25-44,6
2023-01-28,winter,45-64,37
2023-01-28,winter,65-74,65
2023-01-28,winter,75-84,71
2023-01-28,winter,85+,161
2023-01-29,winter,25-44,5
2023-01-29,winter,45-64,37
2023-01-29,winter,65-74,44
2023-01-29,winter,75-84,84
2023-01-29,winter,85+,144
2023-01-30,winter,25-44,4
2023-01-30,winter,45-64,37
2023-01-30,winter,65-74,53
2023-01-30,winter,75-84,99
2023-01-30,winter,85+,137
2023-01-31,winter,0-24,1
2023-01-31,winter,25-44,7
2023-01-31,winter,45-64,45
2023-01-31,winter,65-74,66
2023-01-31,winter,75-84,89
2023-01-31,winter,85+,142
2023-02-01,winter,0-24,1
2023-02-01,winter,25-44,8
2023-02-01,winter,45-64,37
2023-02-01,winter,65-74,54
2023-02-01,winter,75-84,116
2023-02-01,winter,85+,191
2023-02-02,winter,0-24,1
2023-02-02,winter,25-44,9
2023-02-02,winter,45-64,37
2023-02-02,winter,65-74,47
2023-02-02,winter,75-84,87
2023-02-02,winter,85+,141
2023-02-03,winter,0-24,1
2023-02-03,winter,25-44,8
2023-02-03,winter,45-64,32
2023-02-03,winter,65-74,58
2023-02-03,winter,75-84,88
2023-02-03,winter,85+,147
2023-02-04,winter,0-24,1
2023-02-04,winter,25-44,4
2023-02-04,winter,45-64,34
2023-02-04,winter,65-74,50
2023-02-04,winter,75-84,73
2023-02-04,winter,85+,133
2023-02-05,winter,0-24,3
2023-02-05,winter,25-44,9
2023-02-05,winter,45-64,38
2023-02-05,winter,65-74,42
2023-02-05,winter,75-84,91
2023-02-05,winter,85+,125
2023-02-06,winter,0-24,1
2023-02-06,winter,25-44,3
2023-02-06,winter,45-64,26
2023-02-06,winter,65-74,41
2023-02-06,winter,75-84,66
2023-02-06,winter,85+,120
2023-02-07,winter,0-24,2
2023-02-07,winter,25-44,5
2023-02-07,winter,45-64,22
2023-02-07,winter,65-74,38
2023-02-07,winter,75-84,79
2023-02-07,winter,85+,109
2023-02-08,winter,0-24,2
2023-02-08,winter,25-44,10
2023-02-08,winter,45-64,21
2023-02-08,winter,65-74,43
2023-02-08,winter,75-84,88
2023-02-08,winter,85+,103
2023-02-09,winter,25-44,9
2023-02-09,winter,45-64,21
2023-02-09,winter,65-74,32
2023-02-09,winter,75-84,62
2023-02-09,winter,85+,134
2023-02-10,winter,0-24,4
2023-02-10,winter,25-44,8
2023-02-10,winter,45-64,31
2023-02-10,winter,65-74,49
2023-02-10,winter,75-84,76
2023-02-10,winter,85+,129
2023-02-11,winter,0-24,6
2023-02-11,winter,25-44,4
2023-02-11,winter,45-64,31
2023-02-11,winter,65-74,40
2023-02-11,winter,75-84,100
2023-02-11,winter,85+,129
2023-02-12,winter,0-24,1
2023-02-12,winter,25-44,8
2023-02-12,winter,45-64,41
2023-02-12,winter,65-74,56
2023-02-12,winter,75-84,97
2023-02-12,winter,85+,142
2023-02-13,winter,0-24,3
2023-02-13,winter,25-44,8
2023-02-13,winter,45-64,35
2023-02-13,winter,65-74,43
2023-02-13,winter,75-84,83
2023-02-13,winter,85+,156
2023-02-14,winter,0-24,2
2023-02-14,winter,25-44,7
2023-02-14,winter,45-64,41
2023-02-14,winter,65-74,44
2023-02-14,winter,75-84,96
2023-02-14,winter,85+,165
2023-02-15,winter,0-24,4
2023-02-15,winter,25-44,5
2023-02-15,winter,45-64,34
2023-02-15,winter,65-74,60
2023-02-15,winter,75-84,102
2023-02-15,winter,85+,162
2023-02-16,winter,0-24,2
2023-02-16,winter,25-44,4
2023-02-16,winter,45-64,36
2023-02-16,winter,65-74,55
2023-02-16,winter,75-84,89
2023-02-16,winter,85+,143
2023-02-17,winter,0-24,2
2023-02-17,winter,25-44,3
2023-02-17,winter,45-64,45
2023-02-17,winter,65-74,50
2023-02-17,winter,75-84,104
2023-02-17,winter,85+,160
2023-02-18,winter,0-24,3
2023-02-18,winter,25-44,8
2023-02-18,winter,45-64,36
2023-02-18,winter,65-74,58
2023-02-18,winter,75-84,75
2023-02-18,winter,85+,165
2023-02-19,winter,0-24,2
2023-02-19,winter,25-44,10
2023-02-19,winter,45-64,30
2023-02-19,winter,65-74,46
2023-02-19,winter,75-84,72
2023-02-19,winter,85+,151
2023-02-20,winter,0-24,1
2023-02-20,winter,25-44,7
2023-02-20,winter,45-64,29
2023-02-20,winter,65-74,49
2023-02-20,winter,75-84,81
2023-02-20,winter,85+,141
2023-02-21,winter,0-24,3
2023-02-21,winter,25-44,2
2023-02-21,winter,45-64,31
2023-02-21,winter,65-74,41
2023-02-21,winter,75-84,103
2023-02-21,winter,85+,136
2023-02-22,winter,0-24,3
2023-02-22,winter,25-44,8
2023-02-22,winter,45-64,42
2023-02-22,winter,65-74,59
2023-02-22,winter,75-84,95
2023-02-22,winter,85+,146
2023-02-23,winter,0-24,3
2023-02-23,winter,25-44,6
2023-02-23,winter,45-64,46
2023-02-23,winter,65-74,57
2023-02-23,winter,75-84,92
2023-02-23,winter,85+,165
2023-02-24,winter,0-24,4
2023-02-24,winter,25-44,4
2023-02-24,winter,45-64,37
2023-02-24,winter,65-74,47
2023-02-24,winter,75-84,98
2023-02-24,winter,85+,149
2023-02-25,winter,0-24,2
2023-02-25,winter,25-44,5
2023-02-25,winter,45-64,26
2023-02-25,winter,65-74,43
2023-02-25,winter,75-84,89
2023-02-25,winter,85+,169
2023-02-26,winter,0-24,1
2023-02-26,winter,25-44,3
2023-02-26,winter,45-64,35
2023-02-26,winter,65-74,43
2023-02-26,winter,75-84,74
2023-02-26,winter,85+,115
2023-02-27,winter,0-24,2
2023-02-27,winter,25-44,7
2023-02-27,winter,45-64,28
2023-02-27,winter,65-74,59
2023-02-27,winter,75-84,67
2023-02-27,winter,85+,137
2023-02-28,winter,0-24,1
2023-02-28,winter,25-44,5
2023-02-28,winter,45-64,45
2023-02-28,winter,65-74,50
2023-02-28,winter,75-84,98
2023-02-28,winter,85+,155
2023-03-01,winter,0-24,2
2023-03-01,winter,25-44,3
2023-03-01,winter,45-64,37
2023-03-01,winter,65-74,57
2023-03-01,winter,75-84,96
2023-03-01,winter,85+,186
2023-03-02,winter,0-24,2
2023-03-02,winter,25-44,8
2023-03-02,winter,45-64,45
2023-03-02,winter,65-74,53
2023-03-02,winter,75-84,95
2023-03-02,winter,85+,166
2023-03-03,winter,0-24,2
2023-03-03,winter,25-44,10
2023-03-03,winter,45-64,37
2023-03-03,winter,65-74,58
2023-03-03,winter,75-84,91
2023-03-03,winter,85+,126
2023-03-04,winter,0-24,2
2023-03-04,winter,25-44,4
2023-03-04,winter,45-64,25
2023-03-04,winter,65-74,57
2023-03-04,winter,75-84,67
2023-03-04,winter,85+,106
2023-03-05,winter,0-24,2
2023-03-05,winter,25-44,7
2023-03-05,winter,45-64,32
2023-03-05,winter,65-74,49
2023-03-05,winter,75-84,79
2023-03-05,winter,85+,133
2023-03-06,winter,25-44,8
2023-03-06,winter,45-64,19
2023-03-06,winter,65-74,38
2023-03-06,winter,75-84,67
2023-03-06,winter,85+,116
2023-03-07,winter,0-24,1
2023-03-07,winter,25-44,7
2023-03-07,winter,45-64,36
2023-03-07,winter,65-74,58
2023-03-07,winter,75-84,71
2023-03-07,winter,85+,96
2023-03-08,winter,0-24,3
2023-03-08,winter,25-44,10
2023-03-08,winter,45-64,35
2023-03-08,winter,65-74,38
2023-03-08,winter,75-84,76
2023-03-08,winter,85+,114
2023-03-09,winter,0-24,1
2023-03-09,winter,25-44,9
2023-03-09,winter,45-64,21
2023-03-09,winter,65-74,44
2023-03-09,winter,75-84,58
2023-03-09,winter,85+,84
2023-03-10,winter,0-24,4
2023-03-10,winter,25-44,5
2023-03-10,winter,45-64,30
2023-03-10,winter,65-74,52
2023-03-10,winter,75-84,74
2023-03-10,winter,85+,118
2023-03-11,winter,0-24,1
2023-03-11,winter,25-44,3
2023-03-11,winter,45-64,38
2023-03-11,winter,65-74,43
2023-03-11,winter,75-84,76
2023-03-11,winter,85+,127
2023-03-12,winter,0-24,1
2023-03-12,winter,25-44,5
2023-03-12,winter,45-64,28
2023-03-12,winter,65-74,47
2023-03-12,winter,75-84,86
2023-03-12,winter,85+,136
2023-03-13,winter,25-44,9
2023-03-13,winter,45-64,42
2023-03-13,winter,65-74,52
2023-03-13,winter,75-84,99
2023-03-13,winter,85+,171
2023-03-14,winter,0-24,6
2023-03-14,winter,25-44,3
2023-03-14,winter,45-64,32
2023-03-14,winter,65-74,39
2023-03-14,winter,75-84,78
2023-03-14,winter,85+,163
2023-03-15,winter,0-24,1
2023-03-15,winter,25-44,2
2023-03-15,winter,45-64,34
2023-03-15,winter,65-74,40
2023-03-15,winter,75-84,78
2023-03-15,winter,85+,132
2023-03-16,winter,25-44,9
2023-03-16,winter,45-64,40
2023-03-16,winter,65-74,58
2023-03-16,winter,75-84,86
2023-03-16,winter,85+,174
2023-03-17,winter,0-24,4
2023-03-17,winter,25-44,10
2023-03-17,winter,45-64,26
2023-03-17,winter,65-74,58
2023-03-17,winter,75-84,95
2023-03-17,winter,85+,166
2023-03-18,winter,0-24,2
2023-03-18,winter,25-44,5
2023-03-18,winter,45-64,27
2023-03-18,winter,65-74,59
2023-03-18,winter,75-84,77
2023-03-18,winter,85+,122
2023-03-19,winter,25-44,11
2023-03-19,winter,45-64,23
2023-03-19,winter,65-74,56
2023-03-19,winter,75-84,66
2023-03-19,winter,85+,145
2023-03-20,spring,0-24,3
2023-03-20,spring,25-44,7
2023-03-20,spring,45-64,32
2023-03-20,spring,65-74,43
2023-03-20,spring,75-84,101
2023-03-20,spring,85+,141
2023-03-21,spring,0-24,1
2023-03-21,spring,25-44,7
2023-03-21,spring,45-64,44
2023-03-21,spring,65-74,62
2023-03-21,spring,75-84,84
2023-03-21,spring,85+,160
2023-03-22,spring,25-44,6
2023-03-22,spring,45-64,36
2023-03-22,spring,65-74,43
2023-03-22,spring,75-84,75
2023-03-22,spring,85+,164
2023-03-23,spring,0-24,2
2023-03-23,spring,25-44,8
2023-03-23,spring,45-64,29
2023-03-23,spring,65-74,50
2023-03-23,spring,75-84,73
2023-03-23,spring,85+,148
2023-03-24,spring,0-24,4
2023-03-24,spring,25-44,6
2023-03-24,spring,45-64,35
2023-03-24,spring,65-74,52
2023-03-24,spring,75-84,86
2023-03-24,spring,85+,151
2023-03-25,spring,0-24,3
2023-03-25,spring,25-44,5
2023-03-25,spring,45-64,29
2023-03-25,spring,65-74,55
2023-03-25,spring,75-84,88
2023-03-25,spring,85+,142
2023-03-26,spring,0-24,2
2023-03-26,spring,25-44,5
2023-03-26,spring,45-64,33
2023-03-26,spring,65-74,51
2023-03-26,spring,75-84,69
2023-03-26,spring,85+,117
2023-03-27,spring,0-24,3
2023-03-27,spring,25-44,6
2023-03-27,spring,45-64,28
2023-03-27,spring,65-74,47
2023-03-27,spring,75-84,67
2023-03-27,spring,85+,126
2023-03-28,spring,25-44,7
2023-03-28,spring,45-64,36
2023-03-28,spring,65-74,51
2023-03-28,spring,75-84,90
2023-03-28,spring,85+,121
2023-03-29,spring,25-44,10
2023-03-29,spring,45-64,40
2023-03-29,spring,65-74,50
2023-03-29,spring,75-84,80
2023-03-29,spring,85+,140
2023-03-30,spring,0-24,3
2023-03-30,spring,25-44,5
2023-03-30,spring,45-64,39
2023-03-30,spring,65-74,61
2023-03-30,spring,75-84,114
2023-03-30,spring,85+,165
2023-03-31,spring,25-44,6
2023-03-31,spring,45-64,40
2023-03-31,spring,65-74,60
2023-03-31,spring,75-84,76
2023-03-31,spring,85+,150
2023-04-01,spring,0-24,4
2023-04-01,spring,25-44,2
2023-04-01,spring,45-64,41
2023-04-01,spring,65-74,65
2023-04-01,spring,75-84,93
2023-04-01,spring,85+,195
2023-04-02,spring,0-24,1
2023-04-02,spring,25-44,7
2023-04-02,spring,45-64,32
2023-04-02,spring,65-74,46
2023-04-02,spring,75-84,100
2023-04-02,spring,85+,171
2023-04-03,spring,25-44,5
2023-04-03,spring,45-64,40
2023-04-03,spring,65-74,52
2023-04-03,spring,75-84,81
2023-04-03,spring,85+,161
2023-04-04,spring,0-24,3
2023-04-04,spring,25-44,9
2023-04-04,spring,45-64,37
2023-04-04,spring,65-74,51
2023-04-04,spring,75-84,88
2023-04-04,spring,85+,133
2023-04-05,spring,0-24,4
2023-04-05,spring,25-44,4
2023-04-05,spring,45-64,39
2023-04-05,spring,65-74,37
2023-04-05,spring,75-84,89
2023-04-05,spring,85+,102
2023-04-06,spring,0-24,3
2023-04-06,spring,25-44,7
2023-04-06,spring,45-64,38
2023-04-06,spring,65-74,46
2023-04-06,spring,75-84,55
2023-04-06,spring,85+,112
2023-04-07,spring,0-24,1
2023-04-07,spring,25-44,7
2023-04-07,spring,45-64,40
2023-04-07,spring,65-74,45
2023-04-07,spring,75-84,65
2023-04-07,spring,85+,115
2023-04-08,spring,0-24,4
2023-04-08,spring,25-44,7
2023-04-08,spring,45-64,28
2023-04-08,spring,65-74,46
2023-04-08,spring,75-84,58
2023-04-08,spring,85+,119
2023-04-09,spring,0-24,8
2023-04-09,spring,25-44,5
2023-04-09,spring,45-64,32
2023-04-09,spring,65-74,51
2023-04-09,spring,75-84,65
2023-04-09,spring,85+,121
2023-04-10,spring,0-24,5
2023-04-10,spring,25-44,3
2023-04-10,spring,45-64,30
2023-04-10,spring,65-74,46
2023-04-10,spring,75-84,74
2023-04-10,spring,85+,125
2023-04-11,spring,0-24,3
2023-04-11,spring,25-44,5
2023-04-11,spring,45-64,33
2023-04-11,spring,65-74,48
2023-04-11,spring,75-84,72
2023-04-11,spring,85+,124
2023-04-12,spring,0-24,3
2023-04-12,spring,25-44,4
2023-04-12,spring,45-64,32
2023-04-12,spring,65-74,54
2023-04-12,spring,75-84,77
2023-04-12,spring,85+,142
2023-04-13,spring,0-24,5
2023-04-13,spring,25-44,5
2023-04-13,spring,45-64,36
2023-04-13,spring,65-74,43
2023-04-13,spring,75-84,91
2023-04-13,spring,85+,127
2023-04-14,spring,0-24,4
2023-04-14,spring,25-44,7
2023-04-14,spring,45-64,39
2023-04-14,spring,65-74,51
2023-04-14,spring,75-84,75
2023-04-14,spring,85+,143
2023-04-15,spring,0-24,2
2023-04-15,spring,25-44,1
2023-04-15,spring,45-64,32
2023-04-15,spring,65-74,56
2023-04-15,spring,75-84,71
2023-04-15,spring,85+,107
2023-04-16,spring,0-24,1
2023-04-16,spring,25-44,9
2023-04-16,spring,45-64,35
2023-04-16,spring,65-74,41
2023-04-16,spring,75-84,85
2023-04-16,spring,85+,120
2023-04-17,spring,0-24,2
2023-04-17,spring,25-44,4
2023-04-17,spring,45-64,24
2023-04-17,spring,65-74,45
2023-04-17,spring,75-84,80
2023-04-17,spring,85+,105
2023-04-18,spring,0-24,3
2023-04-18,spring,25-44,8
2023-04-18,spring,45-64,31
2023-04-18,spring,65-74,38
2023-04-18,spring,75-84,77
2023-04-18,spring,85+,108
2023-04-19,spring,0-24,2
2023-04-19,spring,25-44,3
2023-04-19,spring,45-64,29
2023-04-19,spring,65-74,59
2023-04-19,spring,75-84,73
2023-04-19,spring,85+,142
2023-04-20,spring,0-24,3
2023-04-20,spring,25-44,6
2023-04-20,spring,45-64,32
2023-04-20,spring,65-74,43
2023-04-20,spring,75-84,76
2023-04-20,spring,85+,132
2023-04-21,spring,0-24,5
2023-04-21,spring,25-44,9
2023-04-21,spring,45-64,44
2023-04-21,spring,65-74,42
2023-04-21,spring,75-84,93
2023-04-21,spring,85+,133
2023-04-22,spring,0-24,5
2023-04-22,spring,25-44,5
2023-04-22,spring,45-64,26
2023-04-22,spring,65-74,52
2023-04-22,spring,75-84,81
2023-04-22,spring,85+,139
2023-04-23,spring,0-24,1
2023-04-23,spring,25-44,4
2023-04-23,spring,45-64,32
2023-04-23,spring,65-74,45
2023-04-23,spring,75-84,70
2023-04-23,spring,85+,128
2023-04-24,spring,0-24,3
2023-04-24,spring,25-44,7
2023-04-24,spring,45-64,31
2023-04-24,spring,65-74,37
2023-04-24,spring,75-84,87
2023-04-24,spring,85+,127
2023-04-25,spring,0-24,8
2023-04-25,spring,25-44,6
2023-04-25,spring,45-64,26
2023-04-25,spring,65-74,42
2023-04-25,spring,75-84,71
2023-04-25,spring,85+,123
2023-04-26,spring,0-24,6
2023-04-26,spring,25-44,5
2023-04-26,spring,45-64,39
2023-04-26,spring,65-74,52
2023-04-26,spring,75-84,92
2023-04-26,spring,85+,137
2023-04-27,spring,25-44,4
2023-04-27,spring,45-64,32
2023-04-27,spring,65-74,44
2023-04-27,spring,75-84,76
2023-04-27,spring,85+,102
2023-04-28,spring,0-24,1
2023-04-28,spring,25-44,7
2023-04-28,spring,45-64,26
2023-04-28,spring,65-74,44
2023-04-28,spring,75-84,65
2023-04-28,spring,85+,119
2023-04-29,spring,0-24,1
2023-04-29,spring,45-64,30
2023-04-29,spring,65-74,45
2023-04-29,spring,75-84,71
2023-04-29,spring,85+,118
2023-04-30,spring,0-24,4
2023-04-30,spring,25-44,3
2023-04-30,spring,45-64,31
2023-04-30,spring,65-74,31
2023-04-30,spring,75-84,76
2023-04-30,spring,85+,142
2023-05-01,spring,0-24,3
2023-05-01,spring,25-44,8
2023-05-01,spring,45-64,31
2023-05-01,spring,65-74,69
2023-05-01,spring,75-84,109
2023-05-01,spring,85+,189
2023-05-02,spring,0-24,5
2023-05-02,spring,25-44,11
2023-05-02,spring,45-64,28
2023-05-02,spring,65-74,41
2023-05-02,spring,75-84,74
2023-05-02,spring,85+,137
2023-05-03,spring,25-44,5
2023-05-03,spring,45-64,29
2023-05-03,spring,65-74,54
2023-05-03,spring,75-84,93
2023-05-03,spring,85+,158
2023-05-04,spring,0-24,3
2023-05-04,spring,25-44,5
2023-05-04,spring,45-64,30
2023-05-04,spring,65-74,47
2023-05-04,spring,75-84,91
2023-05-04,spring,85+,119
2023-05-05,spring,0-24,2
2023-05-05,spring,25-44,4
2023-05-05,spring,45-64,37
2023-05-05,spring,65-74,56
2023-05-05,spring,75-84,82
2023-05-05,spring,85+,131
2023-05-06,spring,0-24,2
2023-05-06,spring,25-44,6
2023-05-06,spring,45-64,36
2023-05-06,spring,65-74,48
2023-05-06,spring,75-84,80
2023-05-06,spring,85+,116
2023-05-07,spring,0-24,1
2023-05-07,spring,25-44,4
2023-05-07,spring,45-64,32
2023-05-07,spring,65-74,44
2023-05-07,spring,75-84,71
2023-05-07,spring,85+,123
2023-05-08,spring,0-24,6
2023-05-08,spring,25-44,7
2023-05-08,spring,45-64,30
2023-05-08,spring,65-74,53
2023-05-08,spring,75-84,58
2023-05-08,spring,85+,106
2023-05-09,spring,0-24,2
2023-05-09,spring,25-44,7
2023-05-09,spring,45-64,27
2023-05-09,spring,65-74,55
2023-05-09,spring,75-84,80
2023-05-09,spring,85+,122
2023-05-10,spring,0-24,2
2023-05-10,spring,25-44,3
2023-05-10,spring,45-64,30
2023-05-10,spring,65-74,52
2023-05-10,spring,75-84,83
2023-05-10,spring,85+,137
2023-05-11,spring,0-24,5
2023-05-11,spring,25-44,8
2023-05-11,spring,45-64,33
2023-05-11,spring,65-74,53
2023-05-11,spring,75-84,73
2023-05-11,spring,85+,119
2023-05-12,spring,0-24,2
2023-05-12,spring,25-44,5
2023-05-12,spring,45-64,43
2023-05-12,spring,65-74,59
2023-05-12,spring,75-84,83
2023-05-12,spring,85+,139
2023-05-13,spring,0-24,3
2023-05-13,spring,25-44,8
2023-05-13,spring,45-64,23
2023-05-13,spring,65-74,44
2023-05-13,spring,75-84,72
2023-05-13,spring,85+,111
2023-05-14,spring,0-24,6
2023-05-14,spring,25-44,12
2023-05-14,spring,45-64,29
2023-05-14,spring,65-74,47
2023-05-14,spring,75-84,73
2023-05-14,spring,85+,124
2023-05-15,spring,0-24,1
2023-05-15,spring,25-44,11
2023-05-15,spring,45-64,37
2023-05-15,spring,65-74,57
2023-05-15,spring,75-84,76
2023-05-15,spring,85+,114
2023-05-16,spring,0-24,3
2023-05-16,spring,25-44,6
2023-05-16,spring,45-64,36
2023-05-16,spring,65-74,45
2023-05-16,spring,75-84,79
2023-05-16,spring,85+,121
2023-05-17,spring,25-44,8
2023-05-17,spring,45-64,41
2023-05-17,spring,65-74,57
2023-05-17,spring,75-84,88
2023-05-17,spring,85+,132
2023-05-18,spring,0-24,3
2023-05-18,spring,25-44,6
2023-05-18,spring,45-64,38
2023-05-18,spring,65-74,45
2023-05-18,spring,75-84,72
2023-05-18,spring,85+,134
2023-05-19,spring,0-24,1
2023-05-19,spring,25-44,5
2023-05-19,spring,45-64,35
2023-05-19,spring,65-74,46
2023-05-19,spring,75-84,61
2023-05-19,spring,85+,110
2023-05-20,spring,0-24,1
2023-05-20,spring,25-44,6
2023-05-20,spring,45-64,47
2023-05-20,spring,65-74,46
2023-05-20,spring,75-84,84
2023-05-20,spring,85+,124
2023-05-21,spring,0-24,2
2023-05-21,spring,25-44,3
2023-05-21,spring,45-64,31
2023-05-21,spring,65-74,48
2023-05-21,spring,75-84,57
2023-05-21,spring,85+,112
2023-05-22,spring,0-24,2
2023-05-22,spring,25-44,2
2023-05-22,spring,45-64,33
2023-05-22,spring,65-74,47
2023-05-22,spring,75-84,87
2023-05-22,spring,85+,90
2023-05-23,spring,0-24,4
2023-05-23,spring,25-44,5
2023-05-23,spring,45-64,37
2023-05-23,spring,65-74,54
2023-05-23,spring,75-84,77
2023-05-23,spring,85+,96
2023-05-24,spring,0-24,3
2023-05-24,spring,25-44,4
2023-05-24,spring,45-64,34
2023-05-24,spring,65-74,47
2023-05-24,spring,75-84,70
2023-05-24,spring,85+,120
2023-05-25,spring,0-24,3
2023-05-25,spring,25-44,9
2023-05-25,spring,45-64,29
2023-05-25,spring,65-74,52
2023-05-25,spring,75-84,66
2023-05-25,spring,85+,115
2023-05-26,spring,0-24,5
2023-05-26,spring,25-44,4
2023-05-26,spring,45-64,28
2023-05-26,spring,65-74,46
2023-05-26,spring,75-84,73
2023-05-26,spring,85+,132
2023-05-27,spring,0-24,1
2023-05-27,spring,25-44,6
2023-05-27,spring,45-64,26
2023-05-27,spring,65-74,48
2023-05-27,spring,75-84,48
2023-05-27,spring,85+,134
2023-05-28,spring,0-24,1
2023-05-28,spring,25-44,4
2023-05-28,spring,45-64,22
2023-05-28,spring,65-74,59
2023-05-28,spring,75-84,77
2023-05-28,spring,85+,122
2023-05-29,spring,0-24,4
2023-05-29,spring,25-44,4
2023-05-29,spring,45-64,31
2023-05-29,spring,65-74,57
2023-05-29,spring,75-84,67
2023-05-29,spring,85+,117
2023-05-30,spring,0-24,4
2023-05-30,spring,25-44,6
2023-05-30,spring,45-64,43
2023-05-30,spring,65-74,38
2023-05-30,spring,75-84,82
2023-05-30,spring,85+,109
2023-05-31,spring,0-24,1
2023-05-31,spring,25-44,8
2023-05-31,spring,45-64,46
2023-05-31,spring,65-74,54
2023-05-31,spring,75-84,85
2023-05-31,spring,85+,137
2023-06-01,spring,0-24,1
2023-06-01,spring,25-44,12
2023-06-01,spring,45-64,49
2023-06-01,spring,65-74,67
2023-06-01,spring,75-84,103
2023-06-01,spring,85+,221
2023-06-02,spring,25-44,8
2023-06-02,spring,45-64,45
2023-06-02,spring,65-74,41
2023-06-02,spring,75-84,91
2023-06-02,spring,85+,119
2023-06-03,spring,0-24,2
2023-06-03,spring,25-44,5
2023-06-03,spring,45-64,41
2023-06-03,spring,65-74,55
2023-06-03,spring,75-84,95
2023-06-03,spring,85+,132
2023-06-04,spring,0-24,2
2023-06-04,spring,25-44,11
2023-06-04,spring,45-64,46
2023-06-04,spring,65-74,55
2023-06-04,spring,75-84,84
2023-06-04,spring,85+,138
2023-06-05,spring,0-24,2
2023-06-05,spring,25-44,6
2023-06-05,spring,45-64,27
2023-06-05,spring,65-74,41
2023-06-05,spring,75-84,69
2023-06-05,spring,85+,121
2023-06-06,spring,0-24,2
2023-06-06,spring,25-44,1
2023-06-06,spring,45-64,39
2023-06-06,spring,65-74,53
2023-06-06,spring,75-84,79
2023-06-06,spring,85+,134
2023-06-07,spring,0-24,2
2023-06-07,spring,25-44,2
2023-06-07,spring,45-64,36
2023-06-07,spring,65-74,33
2023-06-07,spring,75-84,70
2023-06-07,spring,85+,124
2023-06-08,spring,0-24,3
2023-06-08,spring,25-44,3
2023-06-08,spring,45-64,26
2023-06-08,spring,65-74,28
2023-06-08,spring,75-84,57
2023-06-08,spring,85+,103
2023-06-09,spring,0-24,2
2023-06-09,spring,25-44,1
2023-06-09,spring,45-64,29
2023-06-09,spring,65-74,44
2023-06-09,spring,75-84,76
2023-06-09,spring,85+,118
2023-06-10,spring,0-24,5
2023-06-10,spring,25-44,7
2023-06-10,spring,45-64,34
2023-06-10,spring,65-74,44
2023-06-10,spring,75-84,78
2023-06-10,spring,85+,122
2023-06-11,spring,0-24,1
2023-06-11,spring,25-44,8
2023-06-11,spring,45-64,29
2023-06-11,spring,65-74,49
2023-06-11,spring,75-84,74
2023-06-11,spring,85+,119
2023-06-12,spring,0-24,6
2023-06-12,spring,25-44,7
2023-06-12,spring,45-64,34
2023-06-12,spring,65-74,63
2023-06-12,spring,75-84,94
2023-06-12,spring,85+,158
2023-06-13,spring,0-24,5
2023-06-13,spring,25-44,6
2023-06-13,spring,45-64,43
2023-06-13,spring,65-74,47
2023-06-13,spring,75-84,91
2023-06-13,spring,85+,147
2023-06-14,spring,0-24,2
2023-06-14,spring,25-44,7
2023-06-14,spring,45-64,44
2023-06-14,spring,65-74,59
2023-06-14,spring,75-84,91
2023-06-14,spring,85+,134
2023-06-15,spring,25-44,9
2023-06-15,spring,45-64,28
2023-06-15,spring,65-74,55
2023-06-15,spring,75-84,76
2023-06-15,spring,85+,136
2023-06-16,spring,0-24,2
2023-06-16,spring,25-44,3
2023-06-16,spring,45-64,33
2023-06-16,spring,65-74,49
2023-06-16,spring,75-84,81
2023-06-16,spring,85+,116
2023-06-17,spring,0-24,3
2023-06-17,spring,25-44,3
2023-06-17,spring,45-64,22
2023-06-17,spring,65-74,49
2023-06-17,spring,75-84,76
2023-06-17,spring,85+,125
2023-06-18,spring,0-24,1
2023-06-18,spring,25-44,4
2023-06-18,spring,45-64,27
2023-06-18,spring,65-74,53
2023-06-18,spring,75-84,70
2023-06-18,spring,85+,111
2023-06-19,spring,0-24,6
2023-06-19,spring,25-44,5
2023-06-19,spring,45-64,35
2023-06-19,spring,65-74,35
2023-06-19,spring,75-84,57
2023-06-19,spring,85+,111
2023-06-20,spring,0-24,1
2023-06-20,spring,25-44,7
2023-06-20,spring,45-64,41
2023-06-20,spring,65-74,53
2023-06-20,spring,75-84,76
2023-06-20,spring,85+,130
2023-06-21,summer,0-24,2
2023-06-21,summer,25-44,6
2023-06-21,summer,45-64,30
2023-06-21,summer,65-74,54
2023-06-21,summer,75-84,81
2023-06-21,summer,85+,139
2023-06-22,summer,0-24,1
2023-06-22,summer,25-44,6
2023-06-22,summer,45-64,28
2023-06-22,summer,65-74,52
2023-06-22,summer,75-84,57
2023-06-22,summer,85+,102
2023-06-23,summer,0-24,1
2023-06-23,summer,25-44,4
2023-06-23,summer,45-64,31
2023-06-23,summer,65-74,66
2023-06-23,summer,75-84,89
2023-06-23,summer,85+,116
2023-06-24,summer,0-24,4
2023-06-24,summer,25-44,8
2023-06-24,summer,45-64,21
2023-06-24,summer,65-74,52
2023-06-24,summer,75-84,66
2023-06-24,summer,85+,92
2023-06-25,summer,0-24,3
2023-06-25,summer,25-44,4
2023-06-25,summer,45-64,38
2023-06-25,summer,65-74,38
2023-06-25,summer,75-84,64
2023-06-25,summer,85+,108
2023-06-26,summer,0-24,7
2023-06-26,summer,25-44,9
2023-06-26,summer,45-64,24
2023-06-26,summer,65-74,50
2023-06-26,summer,75-84,85
2023-06-26,summer,85+,117
2023-06-27,summer,0-24,2
2023-06-27,summer,25-44,5
2023-06-27,summer,45-64,31
2023-06-27,summer,65-74,38
2023-06-27,summer,75-84,89
2023-06-27,summer,85+,112
2023-06-28,summer,0-24,1
2023-06-28,summer,25-44,4
2023-06-28,summer,45-64,40
2023-06-28,summer,65-74,59
2023-06-28,summer,75-84,61
2023-06-28,summer,85+,115
2023-06-29,summer,0-24,2
2023-06-29,summer,25-44,6
2023-06-29,summer,45-64,25
2023-06-29,summer,65-74,50
2023-06-29,summer,75-84,69
2023-06-29,summer,85+,143
2023-06-30,summer,25-44,7
2023-06-30,summer,45-64,35
2023-06-30,summer,65-74,51
2023-06-30,summer,75-84,72
2023-06-30,summer,85+,117
2023-07-01,summer,25-44,8
2023-07-01,summer,45-64,47
2023-07-01,summer,65-74,57
2023-07-01,summer,75-84,105
2023-07-01,summer,85+,178
2023-07-02,summer,0-24,1
2023-07-02,summer,25-44,8
2023-07-02,summer,45-64,50
2023-07-02,summer,65-74,60
2023-07-02,summer,75-84,84
2023-07-02,summer,85+,146
2023-07-03,summer,0-24,2
2023-07-03,summer,25-44,7
2023-07-03,summer,45-64,37
2023-07-03,summer,65-74,65
2023-07-03,summer,75-84,92
2023-07-03,summer,85+,150
2023-07-04,summer,25-44,7
2023-07-04,summer,45-64,34
2023-07-04,summer,65-74,51
2023-07-04,summer,75-84,81
2023-07-04,summer,85+,131
2023-07-05,summer,25-44,4
2023-07-05,summer,45-64,27
2023-07-05,summer,65-74,39
2023-07-05,summer,75-84,73
2023-07-05,summer,85+,119
2023-07-06,summer,0-24,2
2023-07-06,summer,25-44,9
2023-07-06,summer,45-64,27
2023-07-06,summer,65-74,49
2023-07-06,summer,75-84,75
2023-07-06,summer,85+,122
2023-07-07,summer,0-24,3
2023-07-07,summer,25-44,6
2023-07-07,summer,45-64,40
2023-07-07,summer,65-74,62
2023-07-07,summer,75-84,55
2023-07-07,summer,85+,117
2023-07-08,summer,25-44,5
2023-07-08,summer,45-64,20
2023-07-08,summer,65-74,46
2023-07-08,summer,75-84,57
2023-07-08,summer,85+,80
2023-07-09,summer,0-24,4
2023-07-09,summer,25-44,5
2023-07-09,summer,45-64,25
2023-07-09,summer,65-74,43
2023-07-09,summer,75-84,84
2023-07-09,summer,85+,119
2023-07-10,summer,0-24,1
2023-07-10,summer,25-44,6
2023-07-10,summer,45-64,32
2023-07-10,summer,65-74,45
2023-07-10,summer,75-84,74
2023-07-10,summer,85+,116
2023-07-11,summer,0-24,1
2023-07-11,summer,25-44,7
2023-07-11,summer,45-64,32
2023-07-11,summer,65-74,61
2023-07-11,summer,75-84,78
2023-07-11,summer,85+,125
2023-07-12,summer,0-24,2
2023-07-12,summer,25-44,9
2023-07-12,summer,45-64,41
2023-07-12,summer,65-74,65
2023-07-12,summer,75-84,103
2023-07-12,summer,85+,144
2023-07-13,summer,0-24,3
2023-07-13,summer,25-44,4
2023-07-13,summer,45-64,35
2023-07-13,summer,65-74,33
2023-07-13,summer,75-84,93
2023-07-13,summer,85+,100
2023-07-14,summer,0-24,3
2023-07-14,summer,25-44,9
2023-07-14,summer,45-64,38
2023-07-14,summer,65-74,40
2023-07-14,summer,75-84,69
2023-07-14,summer,85+,142
2023-07-15,summer,0-24,3
2023-07-15,summer,25-44,10
2023-07-15,summer,45-64,33
2023-07-15,summer,65-74,36
2023-07-15,summer,75-84,69
2023-07-15,summer,85+,150
2023-07-16,summer,0-24,3
2023-07-16,summer,25-44,1
2023-07-16,summer,45-64,23
2023-07-16,summer,65-74,33
2023-07-16,summer,75-84,67
2023-07-16,summer,85+,98
2023-07-17,summer,0-24,1
2023-07-17,summer,25-44,10
2023-07-17,summer,45-64,31
2023-07-17,summer,65-74,35
2023-07-17,summer,75-84,77
2023-07-17,summer,85+,92
2023-07-18,summer,0-24,2
2023-07-18,summer,25-44,8
2023-07-18,summer,45-64,33
2023-07-18,summer,65-74,41
2023-07-18,summer,75-84,67
2023-07-18,summer,85+,107
2023-07-19,summer,0-24,3
2023-07-19,summer,25-44,4
2023-07-19,summer,45-64,34
2023-07-19,summer,65-74,44
2023-07-19,summer,75-84,59
2023-07-19,summer,85+,120
2023-07-20,summer,0-24,11
2023-07-20,summer,25-44,6
2023-07-20,summer,45-64,37
2023-07-20,summer,65-74,36
2023-07-20,summer,75-84,60
2023-07-20,summer,85+,128
2023-07-21,summer,0-24,2
2023-07-21,summer,25-44,6
2023-07-21,summer,45-64,30
2023-07-21,summer,65-74,34
2023-07-21,summer,75-84,59
2023-07-21,summer,85+,91
2023-07-22,summer,0-24,1
2023-07-22,summer,25-44,8
2023-07-22,summer,45-64,41
2023-07-22,summer,65-74,44
2023-07-22,summer,75-84,39
2023-07-22,summer,85+,104
2023-07-23,summer,25-44,4
2023-07-23,summer,45-64,29
2023-07-23,summer,65-74,44
2023-07-23,summer,75-84,56
2023-07-23,summer,85+,110
2023-07-24,summer,0-24,4
2023-07-24,summer,25-44,6
2023-07-24,summer,45-64,28
2023-07-24,summer,65-74,46
2023-07-24,summer,75-84,71
2023-07-24,summer,85+,113
2023-07-25,summer,0-24,2
2023-07-25,summer,25-44,6
2023-07-25,summer,45-64,37
2023-07-25,summer,65-74,38
2023-07-25,summer,75-84,56
2023-07-25,summer,85+,113
2023-07-26,summer,0-24,1
2023-07-26,summer,25-44,1
2023-07-26,summer,45-64,23
2023-07-26,summer,65-74,51
2023-07-26,summer,75-84,70
2023-07-26,summer,85+,109
2023-07-27,summer,25-44,3
2023-07-27,summer,45-64,34
2023-07-27,summer,65-74,52
2023-07-27,summer,75-84,58
2023-07-27,summer,85+,127
2023-07-28,summer,0-24,2
2023-07-28,summer,25-44,4
2023-07-28,summer,45-64,48
2023-07-28,summer,65-74,51
2023-07-28,summer,75-84,79
2023-07-28,summer,85+,132
2023-07-29,summer,0-24,4
2023-07-29,summer,25-44,6
2023-07-29,summer,45-64,29
2023-07-29,summer,65-74,37
2023-07-29,summer,75-84,67
2023-07-29,summer,85+,101
2023-07-30,summer,0-24,1
2023-07-30,summer,25-44,4
2023-07-30,summer,45-64,36
2023-07-30,summer,65-74,38
2023-07-30,summer,75-84,54
2023-07-30,summer,85+,109
2023-07-31,summer,0-24,2
2023-07-31,summer,25-44,4
2023-07-31,summer,45-64,28
2023-07-31,summer,65-74,38
2023-07-31,summer,75-84,69
2023-07-31,summer,85+,94
2023-08-01,summer,0-24,2
2023-08-01,summer,25-44,10
2023-08-01,summer,45-64,32
2023-08-01,summer,65-74,47
2023-08-01,summer,75-84,82
2023-08-01,summer,85+,177
2023-08-02,summer,0-24,3
2023-08-02,summer,25-44,5
2023-08-02,summer,45-64,42
2023-08-02,summer,65-74,54
2023-08-02,summer,75-84,71
2023-08-02,summer,85+,152
2023-08-03,summer,0-24,3
2023-08-03,summer,25-44,8
2023-08-03,summer,45-64,30
2023-08-03,summer,65-74,64
2023-08-03,summer,75-84,84
2023-08-03,summer,85+,164
2023-08-04,summer,0-24,2
2023-08-04,summer,25-44,5
2023-08-04,summer,45-64,35
2023-08-04,summer,65-74,56
2023-08-04,summer,75-84,76
2023-08-04,summer,85+,123
2023-08-05,summer,0-24,1
2023-08-05,summer,25-44,8
2023-08-05,summer,45-64,46
2023-08-05,summer,65-74,61
2023-08-05,summer,75-84,88
2023-08-05,summer,85+,99
2023-08-06,summer,0-24,2
2023-08-06,summer,25-44,9
2023-08-06,summer,45-64,35
2023-08-06,summer,65-74,52
2023-08-06,summer,75-84,68
2023-08-06,summer,85+,135
2023-08-07,summer,0-24,9
2023-08-07,summer,25-44,7
2023-08-07,summer,45-64,41
2023-08-07,summer,65-74,45
2023-08-07,summer,75-84,73
2023-08-07,summer,85+,130
2023-08-08,summer,0-24,1
2023-08-08,summer,25-44,8
2023-08-08,summer,45-64,31
2023-08-08,summer,65-74,50
2023-08-08,summer,75-84,76
2023-08-08,summer,85+,116
2023-08-09,summer,0-24,2
2023-08-09,summer,25-44,10
2023-08-09,summer,45-64,37
2023-08-09,summer,65-74,48
2023-08-09,summer,75-84,79
2023-08-09,summer,85+,122
2023-08-10,summer,0-24,2
2023-08-10,summer,25-44,1
2023-08-10,summer,45-64,26
2023-08-10,summer,65-74,48
2023-08-10,summer,75-84,66
2023-08-10,summer,85+,97
2023-08-11,summer,0-24,3
2023-08-11,summer,25-44,5
2023-08-11,summer,45-64,37
2023-08-11,summer,65-74,45
2023-08-11,summer,75-84,77
2023-08-11,summer,85+,127
2023-08-12,summer,0-24,3
2023-08-12,summer,25-44,5
2023-08-12,summer,45-64,43
2023-08-12,summer,65-74,57
2023-08-12,summer,75-84,91
2023-08-12,summer,85+,159
2023-08-13,summer,25-44,6
2023-08-13,summer,45-64,28
2023-08-13,summer,65-74,53
2023-08-13,summer,75-84,57
2023-08-13,summer,85+,103
2023-08-14,summer,25-44,2
2023-08-14,summer,45-64,33
2023-08-14,summer,65-74,37
2023-08-14,summer,75-84,61
2023-08-14,summer,85+,119
2023-08-15,summer,25-44,3
2023-08-15,summer,45-64,32
2023-08-15,summer,65-74,47
2023-08-15,summer,75-84,74
2023-08-15,summer,85+,117
2023-08-16,summer,0-24,2
2023-08-16,summer,25-44,5
2023-08-16,summer,45-64,38
2023-08-16,summer,65-74,42
2023-08-16,summer,75-84,72
2023-08-16,summer,85+,123
2023-08-17,summer,0-24,2
2023-08-17,summer,25-44,4
2023-08-17,summer,45-64,37
2023-08-17,summer,65-74,41
2023-08-17,summer,75-84,75
2023-08-17,summer,85+,109
2023-08-18,summer,0-24,1
2023-08-18,summer,25-44,10
2023-08-18,summer,45-64,36
2023-08-18,summer,65-74,63
2023-08-18,summer,75-84,82
2023-08-18,summer,85+,146
2023-08-19,summer,0-24,1
2023-08-19,summer,25-44,5
2023-08-19,summer,45-64,33
2023-08-19,summer,65-74,45
2023-08-19,summer,75-84,78
2023-08-19,summer,85+,114
2023-08-20,summer,0-24,4
2023-08-20,summer,25-44,9
2023-08-20,summer,45-64,20
2023-08-20,summer,65-74,30
2023-08-20,summer,75-84,71
2023-08-20,summer,85+,125
2023-08-21,summer,0-24,2
2023-08-21,summer,25-44,6
2023-08-21,summer,45-64,38
2023-08-21,summer,65-74,43
2023-08-21,summer,75-84,81
2023-08-21,summer,85+,128
2023-08-22,summer,0-24,2
2023-08-22,summer,25-44,4
2023-08-22,summer,45-64,35
2023-08-22,summer,65-74,51
2023-08-22,summer,75-84,72
2023-08-22,summer,85+,123
2023-08-23,summer,0-24,4
2023-08-23,summer,25-44,3
2023-08-23,summer,45-64,41
2023-08-23,summer,65-74,51
2023-08-23,summer,75-84,99
2023-08-23,summer,85+,106
2023-08-24,summer,0-24,7
2023-08-24,summer,25-44,7
2023-08-24,summer,45-64,31
2023-08-24,summer,65-74,47
2023-08-24,summer,75-84,69
2023-08-24,summer,85+,148
2023-08-25,summer,0-24,4
2023-08-25,summer,25-44,6
2023-08-25,summer,45-64,41
2023-08-25,summer,65-74,45
2023-08-25,summer,75-84,70
2023-08-25,summer,85+,121
2023-08-26,summer,0-24,5
2023-08-26,summer,25-44,3
2023-08-26,summer,45-64,36
2023-08-26,summer,65-74,38
2023-08-26,summer,75-84,71
2023-08-26,summer,85+,108
2023-08-27,summer,0-24,1
2023-08-27,summer,25-44,2
2023-08-27,summer,45-64,24
2023-08-27,summer,65-74,29
2023-08-27,summer,75-84,56
2023-08-27,summer,85+,90
2023-08-28,summer,0-24,2
2023-08-28,summer,25-44,4
2023-08-28,summer,45-64,36
2023-08-28,summer,65-74,44
2023-08-28,summer,75-84,78
2023-08-28,summer,85+,109
2023-08-29,summer,0-24,3
2023-08-29,summer,25-44,7
2023-08-29,summer,45-64,29
2023-08-29,summer,65-74,44
2023-08-29,summer,75-84,67
2023-08-29,summer,85+,86
2023-08-30,summer,25-44,5
2023-08-30,summer,45-64,37
2023-08-30,summer,65-74,41
2023-08-30,summer,75-84,86
2023-08-30,summer,85+,105
2023-08-31,summer,0-24,2
2023-08-31,summer,25-44,6
2023-08-31,summer,45-64,44
2023-08-31,summer,65-74,49
2023-08-31,summer,75-84,72
2023-08-31,summer,85+,115
2023-09-01,summer,0-24,4
2023-09-01,summer,25-44,5
2023-09-01,summer,45-64,56
2023-09-01,summer,65-74,64
2023-09-01,summer,75-84,87
2023-09-01,summer,85+,174
2023-09-02,summer,0-24,1
2023-09-02,summer,25-44,10
2023-09-02,summer,45-64,37
2023-09-02,summer,65-74,56
2023-09-02,summer,75-84,99
2023-09-02,summer,85+,155
2023-09-03,summer,0-24,3
2023-09-03,summer,25-44,2
2023-09-03,summer,45-64,36
2023-09-03,summer,65-74,65
2023-09-03,summer,75-84,95
2023-09-03,summer,85+,144
2023-09-04,summer,0-24,1
2023-09-04,summer,25-44,7
2023-09-04,summer,45-64,33
2023-09-04,summer,65-74,37
2023-09-04,summer,75-84,71
2023-09-04,summer,85+,131
2023-09-05,summer,0-24,2
2023-09-05,summer,25-44,6
2023-09-05,summer,45-64,20
2023-09-05,summer,65-74,51
2023-09-05,summer,75-84,88
2023-09-05,summer,85+,133
2023-09-06,summer,0-24,1
2023-09-06,summer,25-44,10
2023-09-06,summer,45-64,35
2023-09-06,summer,65-74,54
2023-09-06,summer,75-84,96
2023-09-06,summer,85+,134
2023-09-07,summer,0-24,4
2023-09-07,summer,25-44,3
2023-09-07,summer,45-64,31
2023-09-07,summer,65-74,43
2023-09-07,summer,75-84,65
2023-09-07,summer,85+,119
2023-09-08,summer,0-24,1
2023-09-08,summer,25-44,4
2023-09-08,summer,45-64,36
2023-09-08,summer,65-74,47
2023-09-08,summer,75-84,81
2023-09-08,summer,85+,114
2023-09-09,summer,0-24,5
2023-09-09,summer,25-44,3
2023-09-09,summer,45-64,30
2023-09-09,summer,65-74,47
2023-09-09,summer,75-84,71
2023-09-09,summer,85+,125
2023-09-10,summer,25-44,5
2023-09-10,summer,45-64,28
2023-09-10,summer,65-74,47
2023-09-10,summer,75-84,70
2023-09-10,summer,85+,108
2023-09-11,summer,0-24,2
2023-09-11,summer,25-44,7
2023-09-11,summer,45-64,35
2023-09-11,summer,65-74,48
2023-09-11,summer,75-84,71
2023-09-11,summer,85+,145
2023-09-12,summer,0-24,2
2023-09-12,summer,25-44,9
2023-09-12,summer,45-64,34
2023-09-12,summer,65-74,54
2023-09-12,summer,75-84,75
2023-09-12,summer,85+,165
2023-09-13,summer,25-44,4
2023-09-13,summer,45-64,32
2023-09-13,summer,65-74,59
2023-09-13,summer,75-84,74
2023-09-13,summer,85+,132
2023-09-14,summer,0-24,1
2023-09-14,summer,25-44,6
2023-09-14,summer,45-64,43
2023-09-14,summer,65-74,45
2023-09-14,summer,75-84,71
2023-09-14,summer,85+,115
2023-09-15,summer,0-24,2
2023-09-15,summer,25-44,6
2023-09-15,summer,45-64,40
2023-09-15,summer,65-74,53
2023-09-15,summer,75-84,83
2023-09-15,summer,85+,119
2023-09-16,summer,0-24,3
2023-09-16,summer,25-44,1
2023-09-16,summer,45-64,39
2023-09-16,summer,65-74,56
2023-09-16,summer,75-84,63
2023-09-16,summer,85+,129
2023-09-17,summer,0-24,2
2023-09-17,summer,25-44,3
2023-09-17,summer,45-64,21
2023-09-17,summer,65-74,48
2023-09-17,summer,75-84,75
2023-09-17,summer,85+,109
2023-09-18,summer,0-24,2
2023-09-18,summer,25-44,4
2023-09-18,summer,45-64,35
2023-09-18,summer,65-74,47
2023-09-18,summer,75-84,79
2023-09-18,summer,85+,118
2023-09-19,summer,0-24,1
2023-09-19,summer,25-44,1
2023-09-19,summer,45-64,27
2023-09-19,summer,65-74,55
2023-09-19,summer,75-84,68
2023-09-19,summer,85+,111
2023-09-20,summer,25-44,1
2023-09-20,summer,45-64,24
2023-09-20,summer,65-74,48
2023-09-20,summer,75-84,66
2023-09-20,summer,85+,115
2023-09-21,summer,0-24,1
2023-09-21,summer,25-44,8
2023-09-21,summer,45-64,33
2023-09-21,summer,65-74,43
2023-09-21,summer,75-84,79
2023-09-21,summer,85+,112
2023-09-22,summer,0-24,1
2023-09-22,summer,25-44,7
2023-09-22,summer,45-64,29
2023-09-22,summer,65-74,35
2023-09-22,summer,75-84,77
2023-09-22,summer,85+,114
2023-09-23,autumn,0-24,2
2023-09-23,autumn,25-44,2
2023-09-23,autumn,45-64,23
2023-09-23,autumn,65-74,41
2023-09-23,autumn,75-84,83
2023-09-23,autumn,85+,109
2023-09-24,autumn,25-44,8
2023-09-24,autumn,45-64,36
2023-09-24,autumn,65-74,35
2023-09-24,autumn,75-84,71
2023-09-24,autumn,85+,117
2023-09-25,autumn,0-24,3
2023-09-25,autumn,25-44,4
2023-09-25,autumn,45-64,30
2023-09-25,autumn,65-74,47
2023-09-25,autumn,75-84,70
2023-09-25,autumn,85+,121
2023-09-26,autumn,0-24,3
2023-09-26,autumn,25-44,11
2023-09-26,autumn,45-64,44
2023-09-26,autumn,65-74,49
2023-09-26,autumn,75-84,86
2023-09-26,autumn,85+,117
2023-09-27,autumn,0-24,1
2023-09-27,autumn,25-44,4
2023-09-27,autumn,45-64,38
2023-09-27,autumn,65-74,44
2023-09-27,autumn,75-84,79
2023-09-27,autumn,85+,108
2023-09-28,autumn,0-24,2
2023-09-28,autumn,25-44,8
2023-09-28,autumn,45-64,31
2023-09-28,autumn,65-74,41
2023-09-28,autumn,75-84,79
2023-09-28,autumn,85+,133
2023-09-29,autumn,0-24,4
2023-09-29,autumn,25-44,15
2023-09-29,autumn,45-64,34
2023-09-29,autumn,65-74,46
2023-09-29,autumn,75-84,79
2023-09-29,autumn,85+,126
2023-09-30,autumn,0-24,3
2023-09-30,autumn,25-44,3
2023-09-30,autumn,45-64,31
2023-09-30,autumn,65-74,33
2023-09-30,autumn,75-84,82
2023-09-30,autumn,85+,107
2023-10-01,autumn,0-24,4
2023-10-01,autumn,25-44,14
2023-10-01,autumn,45-64,38
2023-10-01,autumn,65-74,53
2023-10-01,autumn,75-84,109
2023-10-01,autumn,85+,184
2023-10-02,autumn,0-24,2
2023-10-02,autumn,25-44,4
2023-10-02,autumn,45-64,40
2023-10-02,autumn,65-74,66
2023-10-02,autumn,75-84,82
2023-10-02,autumn,85+,159
2023-10-03,autumn,0-24,4
2023-10-03,autumn,25-44,10
2023-10-03,autumn,45-64,43
2023-10-03,autumn,65-74,55
2023-10-03,autumn,75-84,102
2023-10-03,autumn,85+,158
2023-10-04,autumn,0-24,1
2023-10-04,autumn,25-44,6
2023-10-04,autumn,45-64,28
2023-10-04,autumn,65-74,54
2023-10-04,autumn,75-84,78
2023-10-04,autumn,85+,112
2023-10-05,autumn,0-24,1
2023-10-05,autumn,25-44,6
2023-10-05,autumn,45-64,36
2023-10-05,autumn,65-74,52
2023-10-05,autumn,75-84,75
2023-10-05,autumn,85+,108
2023-10-06,autumn,0-24,3
2023-10-06,autumn,25-44,4
2023-10-06,autumn,45-64,30
2023-10-06,autumn,65-74,53
2023-10-06,autumn,75-84,89
2023-10-06,autumn,85+,104
2023-10-07,autumn,0-24,3
2023-10-07,autumn,25-44,6
2023-10-07,autumn,45-64,40
2023-10-07,autumn,65-74,48
2023-10-07,autumn,75-84,82
2023-10-07,autumn,85+,118
2023-10-08,autumn,0-24,1
2023-10-08,autumn,25-44,8
2023-10-08,autumn,45-64,34
2023-10-08,autumn,65-74,51
2023-10-08,autumn,75-84,72
2023-10-08,autumn,85+,112
2023-10-09,autumn,0-24,3
2023-10-09,autumn,25-44,3
2023-10-09,autumn,45-64,37
2023-10-09,autumn,65-74,53
2023-10-09,autumn,75-84,85
2023-10-09,autumn,85+,137
2023-10-10,autumn,0-24,2
2023-10-10,autumn,25-44,8
2023-10-10,autumn,45-64,27
2023-10-10,autumn,65-74,47
2023-10-10,autumn,75-84,70
2023-10-10,autumn,85+,130
2023-10-11,autumn,0-24,2
2023-10-11,autumn,25-44,2
2023-10-11,autumn,45-64,38
2023-10-11,autumn,65-74,50
2023-10-11,autumn,75-84,85
2023-10-11,autumn,85+,141
2023-10-12,autumn,25-44,5
2023-10-12,autumn,45-64,31
2023-10-12,autumn,65-74,50
2023-10-12,autumn,75-84,93
2023-10-12,autumn,85+,165
2023-10-13,autumn,0-24,3
2023-10-13,autumn,25-44,1
2023-10-13,autumn,45-64,30
2023-10-13,autumn,65-74,49
2023-10-13,autumn,75-84,87
2023-10-13,autumn,85+,108
2023-10-14,autumn,0-24,2
2023-10-14,autumn,25-44,4
2023-10-14,autumn,45-64,30
2023-10-14,autumn,65-74,49
2023-10-14,autumn,75-84,76
2023-10-14,autumn,85+,124
2023-10-15,autumn,0-24,2
2023-10-15,autumn,25-44,7
2023-10-15,autumn,45-64,27
2023-10-15,autumn,65-74,36
2023-10-15,autumn,75-84,66
2023-10-15,autumn,85+,106
2023-10-16,autumn,0-24,1
2023-10-16,autumn,25-44,4
2023-10-16,autumn,45-64,28
2023-10-16,autumn,65-74,48
2023-10-16,autumn,75-84,70
2023-10-16,autumn,85+,119
2023-10-17,autumn,0-24,2
2023-10-17,autumn,25-44,3
2023-10-17,autumn,45-64,40
2023-10-17,autumn,65-74,56
2023-10-17,autumn,75-84,92
2023-10-17,autumn,85+,113
2023-10-18,autumn,0-24,3
2023-10-18,autumn,25-44,2
2023-10-18,autumn,45-64,29
2023-10-18,autumn,65-74,64
2023-10-18,autumn,75-84,76
2023-10-18,autumn,85+,143
2023-10-19,autumn,0-24,3
2023-10-19,autumn,25-44,7
2023-10-19,autumn,45-64,24
2023-10-19,autumn,65-74,56
2023-10-19,autumn,75-84,90
2023-10-19,autumn,85+,143
2023-10-20,autumn,0-24,2
2023-10-20,autumn,25-44,5
2023-10-20,autumn,45-64,42
2023-10-20,autumn,65-74,52
2023-10-20,autumn,75-84,89
2023-10-20,autumn,85+,142
2023-10-21,autumn,0-24,4
2023-10-21,autumn,25-44,3
2023-10-21,autumn,45-64,43
2023-10-21,autumn,65-74,52
2023-10-21,autumn,75-84,86
2023-10-21,autumn,85+,129
2023-10-22,autumn,0-24,2
2023-10-22,autumn,25-44,3
2023-10-22,autumn,45-64,25
2023-10-22,autumn,65-74,35
2023-10-22,autumn,75-84,78
2023-10-22,autumn,85+,117
2023-10-23,autumn,0-24,3
2023-10-23,autumn,25-44,6
2023-10-23,autumn,45-64,30
2023-10-23,autumn,65-74,52
2023-10-23,autumn,75-84,93
2023-10-23,autumn,85+,132
2023-10-24,autumn,0-24,2
2023-10-24,autumn,25-44,10
2023-10-24,autumn,45-64,35
2023-10-24,autumn,65-74,60
2023-10-24,autumn,75-84,78
2023-10-24,autumn,85+,144
2023-10-25,autumn,0-24,3
2023-10-25,autumn,25-44,6
2023-10-25,autumn,45-64,32
2023-10-25,autumn,65-74,49
2023-10-25,autumn,75-84,76
2023-10-25,autumn,85+,141
2023-10-26,autumn,0-24,1
2023-10-26,autumn,25-44,5
2023-10-26,autumn,45-64,33
2023-10-26,autumn,65-74,50
2023-10-26,autumn,75-84,85
2023-10-26,autumn,85+,140
2023-10-27,autumn,0-24,1
2023-10-27,autumn,25-44,1
2023-10-27,autumn,45-64,35
2023-10-27,autumn,65-74,48
2023-10-27,autumn,75-84,74
2023-10-27,autumn,85+,138
2023-10-28,autumn,0-24,1
2023-10-28,autumn,25-44,6
2023-10-28,autumn,45-64,32
2023-10-28,autumn,65-74,53
2023-10-28,autumn,75-84,80
2023-10-28,autumn,85+,131
2023-10-29,autumn,0-24,1
2023-10-29,autumn,25-44,5
2023-10-29,autumn,45-64,39
2023-10-29,autumn,65-74,41
2023-10-29,autumn,75-84,74
2023-10-29,autumn,85+,154
2023-10-30,autumn,25-44,6
2023-10-30,autumn,45-64,28
2023-10-30,autumn,65-74,47
2023-10-30,autumn,75-84,68
2023-10-30,autumn,85+,144
2023-10-31,autumn,0-24,2
2023-10-31,autumn,25-44,6
2023-10-31,autumn,45-64,32
2023-10-31,autumn,65-74,44
2023-10-31,autumn,75-84,79
2023-10-31,autumn,85+,121
2023-11-01,autumn,0-24,4
2023-11-01,autumn,25-44,6
2023-11-01,autumn,45-64,37
2023-11-01,autumn,65-74,78
2023-11-01,autumn,75-84,95
2023-11-01,autumn,85+,164
2023-11-02,autumn,0-24,2
2023-11-02,autumn,25-44,8
2023-11-02,autumn,45-64,33
2023-11-02,autumn,65-74,57
2023-11-02,autumn,75-84,87
2023-11-02,autumn,85+,149
2023-11-03,autumn,0-24,2
2023-11-03,autumn,25-44,9
2023-11-03,autumn,45-64,32
2023-11-03,autumn,65-74,57
2023-11-03,autumn,75-84,93
2023-11-03,autumn,85+,141
2023-11-04,autumn,0-24,2
2023-11-04,autumn,25-44,6
2023-11-04,autumn,45-64,27
2023-11-04,autumn,65-74,45
2023-11-04,autumn,75-84,74
2023-11-04,autumn,85+,130
2023-11-05,autumn,0-24,3
2023-11-05,autumn,25-44,2
2023-11-05,autumn,45-64,45
2023-11-05,autumn,65-74,57
2023-11-05,autumn,75-84,90
2023-11-05,autumn,85+,123
2023-11-06,autumn,0-24,2
2023-11-06,autumn,25-44,11
2023-11-06,autumn,45-64,37
2023-11-06,autumn,65-74,56
2023-11-06,autumn,75-84,86
2023-11-06,autumn,85+,129
2023-11-07,autumn,0-24,2
2023-11-07,autumn,25-44,6
2023-11-07,autumn,45-64,41
2023-11-07,autumn,65-74,48
2023-11-07,autumn,75-84,78
2023-11-07,autumn,85+,132
2023-11-08,autumn,0-24,3
2023-11-08,autumn,25-44,8
2023-11-08,autumn,45-64,32
2023-11-08,autumn,65-74,51
2023-11-08,autumn,75-84,87
2023-11-08,autumn,85+,143
2023-11-09,autumn,0-24,5
2023-11-09,autumn,25-44,7
2023-11-09,autumn,45-64,35
2023-11-09,autumn,65-74,59
2023-11-09,autumn,75-84,80
2023-11-09,autumn,85+,132
2023-11-10,autumn,0-24,4
2023-11-10,autumn,25-44,7
2023-11-10,autumn,45-64,28
2023-11-10,autumn,65-74,61
2023-11-10,autumn,75-84,83
2023-11-10,autumn,85+,119
2023-11-11,autumn,0-24,4
2023-11-11,autumn,25-44,7
2023-11-11,autumn,45-64,28
2023-11-11,autumn,65-74,45
2023-11-11,autumn,75-84,87
2023-11-11,autumn,85+,117
2023-11-12,autumn,0-24,1
2023-11-12,autumn,25-44,8
2023-11-12,autumn,45-64,43
2023-11-12,autumn,65-74,44
2023-11-12,autumn,75-84,89
2023-11-12,autumn,85+,158
2023-11-13,autumn,0-24,2
2023-11-13,autumn,25-44,10
2023-11-13,autumn,45-64,32
2023-11-13,autumn,65-74,55
2023-11-13,autumn,75-84,72
2023-11-13,autumn,85+,131
2023-11-14,autumn,0-24,4
2023-11-14,autumn,25-44,7
2023-11-14,autumn,45-64,32
2023-11-14,autumn,65-74,55
2023-11-14,autumn,75-84,98
2023-11-14,autumn,85+,130
2023-11-15,autumn,0-24,4
2023-11-15,autumn,25-44,4
2023-11-15,autumn,45-64,33
2023-11-15,autumn,65-74,46
2023-11-15,autumn,75-84,90
2023-11-15,autumn,85+,153
2023-11-16,autumn,0-24,2
2023-11-16,autumn,25-44,5
2023-11-16,autumn,45-64,31
2023-11-16,autumn,65-74,52
2023-11-16,autumn,75-84,81
2023-11-16,autumn,85+,134
2023-11-17,autumn,0-24,3
2023-11-17,autumn,25-44,8
2023-11-17,autumn,45-64,36
2023-11-17,autumn,65-74,58
2023-11-17,autumn,75-84,89
2023-11-17,autumn,85+,163
2023-11-18,autumn,0-24,1
2023-11-18,autumn,25-44,8
2023-11-18,autumn,45-64,29
2023-11-18,autumn,65-74,45
2023-11-18,autumn,75-84,97
2023-11-18,autumn,85+,143
2023-11-19,autumn,0-24,2
2023-11-19,autumn,25-44,3
2023-11-19,autumn,45-64,33
2023-11-19,autumn,65-74,47
2023-11-19,autumn,75-84,60
2023-11-19,autumn,85+,133
2023-11-20,autumn,25-44,5
2023-11-20,autumn,45-64,39
2023-11-20,autumn,65-74,48
2023-11-20,autumn,75-84,81
2023-11-20,autumn,85+,125
2023-11-21,autumn,0-24,1
2023-11-21,autumn,25-44,3
2023-11-21,autumn,45-64,36
2023-11-21,autumn,65-74,62
2023-11-21,autumn,75-84,86
2023-11-21,autumn,85+,142
2023-11-22,autumn,25-44,4
2023-11-22,autumn,45-64,38
2023-11-22,autumn,65-74,55
2023-11-22,autumn,75-84,98
2023-11-22,autumn,85+,153
2023-11-23,autumn,0-24,3
2023-11-23,autumn,25-44,4
2023-11-23,autumn,45-64,32
2023-11-23,autumn,65-74,49
2023-11-23,autumn,75-84,64
2023-11-23,autumn,85+,155
2023-11-24,autumn,0-24,3
2023-11-24,autumn,25-44,8
2023-11-24,autumn,45-64,25
2023-11-24,autumn,65-74,57
2023-11-24,autumn,75-84,88
2023-11-24,autumn,85+,165
2023-11-25,autumn,0-24,3
2023-11-25,autumn,25-44,5
2023-11-25,autumn,45-64,31
2023-11-25,autumn,65-74,55
2023-11-25,autumn,75-84,64
2023-11-25,autumn,85+,142
2023-11-26,autumn,0-24,6
2023-11-26,autumn,25-44,1
2023-11-26,autumn,45-64,22
2023-11-26,autumn,65-74,41
2023-11-26,autumn,75-84,93
2023-11-26,autumn,85+,129
2023-11-27,autumn,0-24,4
2023-11-27,autumn,25-44,6
2023-11-27,autumn,45-64,23
2023-11-27,autumn,65-74,61
2023-11-27,autumn,75-84,90
2023-11-27,autumn,85+,142
2023-11-28,autumn,0-24,2
2023-11-28,autumn,25-44,9
2023-11-28,autumn,45-64,27
2023-11-28,autumn,65-74,51
2023-11-28,autumn,75-84,68
2023-11-28,autumn,85+,157
2023-11-29,autumn,0-24,5
2023-11-29,autumn,25-44,6
2023-11-29,autumn,45-64,31
2023-11-29,autumn,65-74,42
2023-11-29,autumn,75-84,84
2023-11-29,autumn,85+,134
2023-11-30,autumn,0-24,3
2023-11-30,autumn,25-44,6
2023-11-30,autumn,45-64,37
2023-11-30,autumn,65-74,51
2023-11-30,autumn,75-84,100
2023-11-30,autumn,85+,135
2023-12-01,autumn,0-24,2
2023-12-01,autumn,25-44,4
2023-12-01,autumn,45-64,40
2023-12-01,autumn,65-74,54
2023-12-01,autumn,75-84,121
2023-12-01,autumn,85+,177
2023-12-02,autumn,0-24,1
2023-12-02,autumn,25-44,5
2023-12-02,autumn,45-64,31
2023-12-02,autumn,65-74,45
2023-12-02,autumn,75-84,80
2023-12-02,autumn,85+,137
2023-12-03,autumn,25-44,4
2023-12-03,autumn,45-64,24
2023-12-03,autumn,65-74,34
2023-12-03,autumn,75-84,102
2023-12-03,autumn,85+,146
2023-12-04,autumn,0-24,6
2023-12-04,autumn,25-44,5
2023-12-04,autumn,45-64,27
2023-12-04,autumn,65-74,61
2023-12-04,autumn,75-84,88
2023-12-04,autumn,85+,145
2023-12-05,autumn,0-24,3
2023-12-05,autumn,25-44,9
2023-12-05,autumn,45-64,34
2023-12-05,autumn,65-74,59
2023-12-05,autumn,75-84,89
2023-12-05,autumn,85+,119
2023-12-06,autumn,0-24,7
2023-12-06,autumn,25-44,5
2023-12-06,autumn,45-64,45
2023-12-06,autumn,65-74,44
2023-12-06,autumn,75-84,79
2023-12-06,autumn,85+,149
2023-12-07,autumn,0-24,1
2023-12-07,autumn,25-44,2
2023-12-07,autumn,45-64,30
2023-12-07,autumn,65-74,46
2023-12-07,autumn,75-84,64
2023-12-07,autumn,85+,128
2023-12-08,autumn,0-24,3
2023-12-08,autumn,25-44,9
2023-12-08,autumn,45-64,36
2023-12-08,autumn,65-74,40
2023-12-08,autumn,75-84,70
2023-12-08,autumn,85+,127
2023-12-09,autumn,0-24,2
2023-12-09,autumn,25-44,5
2023-12-09,autumn,45-64,40
2023-12-09,autumn,65-74,55
2023-12-09,autumn,75-84,80
2023-12-09,autumn,85+,147
2023-12-10,autumn,0-24,5
2023-12-10,autumn,25-44,1
2023-12-10,autumn,45-64,34
2023-12-10,autumn,65-74,61
2023-12-10,autumn,75-84,78
2023-12-10,autumn,85+,156
2023-12-11,autumn,0-24,1
2023-12-11,autumn,25-44,7
2023-12-11,autumn,45-64,36
2023-12-11,autumn,65-74,46
2023-12-11,autumn,75-84,61
2023-12-11,autumn,85+,113
2023-12-12,autumn,0-24,2
2023-12-12,autumn,25-44,7
2023-12-12,autumn,45-64,40
2023-12-12,autumn,65-74,62
2023-12-12,autumn,75-84,71
2023-12-12,autumn,85+,177
2023-12-13,autumn,0-24,2
2023-12-13,autumn,25-44,5
2023-12-13,autumn,45-64,27
2023-12-13,autumn,65-74,48
2023-12-13,autumn,75-84,100
2023-12-13,autumn,85+,173
2023-12-14,autumn,0-24,4
2023-12-14,autumn,25-44,5
2023-12-14,autumn,45-64,31
2023-12-14,autumn,65-74,58
2023-12-14,autumn,75-84,91
2023-12-14,autumn,85+,167
2023-12-15,autumn,0-24,2
2023-12-15,autumn,25-44,7
2023-12-15,autumn,45-64,46
2023-12-15,autumn,65-74,53
2023-12-15,autumn,75-84,99
2023-12-15,autumn,85+,173
2023-12-16,autumn,0-24,2
2023-12-16,autumn,25-44,3
2023-12-16,autumn,45-64,39
2023-12-16,autumn,65-74,56
2023-12-16,autumn,75-84,72
2023-12-16,autumn,85+,151
2023-12-17,autumn,0-24,1
2023-12-17,autumn,25-44,2
2023-12-17,autumn,45-64,28
2023-12-17,autumn,65-74,52
2023-12-17,autumn,75-84,100
2023-12-17,autumn,85+,151
2023-12-18,autumn,0-24,4
2023-12-18,autumn,25-44,3
2023-12-18,autumn,45-64,32
2023-12-18,autumn,65-74,53
2023-12-18,autumn,75-84,87
2023-12-18,autumn,85+,149
2023-12-19,autumn,0-24,3
2023-12-19,autumn,25-44,5
2023-12-19,autumn,45-64,32
2023-12-19,autumn,65-74,60
2023-12-19,autumn,75-84,100
2023-12-19,autumn,85+,184
2023-12-20,autumn,0-24,5
2023-12-20,autumn,25-44,2
2023-12-20,autumn,45-64,39
2023-12-20,autumn,65-74,66
2023-12-20,autumn,75-84,89
2023-12-20,autumn,85+,156
2023-12-21,winter,0-24,4
2023-12-21,winter,25-44,5
2023-12-21,winter,45-64,39
2023-12-21,winter,65-74,62
2023-12-21,winter,75-84,88
2023-12-21,winter,85+,153
2023-12-22,winter,0-24,2
2023-12-22,winter,25-44,4
2023-12-22,winter,45-64,41
2023-12-22,winter,65-74,59
2023-12-22,winter,75-84,85
2023-12-22,winter,85+,162
2023-12-23,winter,0-24,2
2023-12-23,winter,25-44,6
2023-12-23,winter,45-64,30
2023-12-23,winter,65-74,54
2023-12-23,winter,75-84,90
2023-12-23,winter,85+,154
2023-12-24,winter,0-24,1
2023-12-24,winter,25-44,7
2023-12-24,winter,45-64,31
2023-12-24,winter,65-74,51
2023-12-24,winter,75-84,87
2023-12-24,winter,85+,165
2023-12-25,winter,0-24,2
2023-12-25,winter,25-44,4
2023-12-25,winter,45-64,36
2023-12-25,winter,65-74,58
2023-12-25,winter,75-84,91
2023-12-25,winter,85+,167
2023-12-26,winter,25-44,7
2023-12-26,winter,45-64,38
2023-12-26,winter,65-74,68
2023-12-26,winter,75-84,83
2023-12-26,winter,85+,146
2023-12-27,winter,0-24,2
2023-12-27,winter,25-44,1
2023-12-27,winter,45-64,43
2023-12-27,winter,65-74,46
2023-12-27,winter,75-84,104
2023-12-27,winter,85+,159
2023-12-28,winter,0-24,4
2023-12-28,winter,25-44,3
2023-12-28,winter,45-64,33
2023-12-28,winter,65-74,63
2023-12-28,winter,75-84,102
2023-12-28,winter,85+,157
2023-12-29,winter,0-24,1
2023-12-29,winter,25-44,4
2023-12-29,winter,45-64,23
2023-12-29,winter,65-74,57
2023-12-29,winter,75-84,104
2023-12-29,winter,85+,146
2023-12-30,winter,0-24,2
2023-12-30,winter,25-44,10
2023-12-30,winter,45-64,41
2023-12-30,winter,65-74,33
2023-12-30,winter,75-84,86
2023-12-30,winter,85+,162
2023-12-31,winter,25-44,2
2023-12-31,winter,45-64,36
2023-12-31,winter,65-74,58
2023-12-31,winter,75-84,90
2023-12-31,winter,85+,158
2024-01-01,winter,0-24,3
2024-01-01,winter,25-44,10
2024-01-01,winter,45-64,36
2024-01-01,winter,65-74,46
2024-01-01,winter,75-84,98
2024-01-01,winter,85+,156
2024-01-02,winter,0-24,5
2024-01-02,winter,25-44,10
2024-01-02,winter,45-64,33
2024-01-02,winter,65-74,47
2024-01-02,winter,75-84,95
2024-01-02,winter,85+,138
2024-01-03,winter,0-24,1
2024-01-03,winter,25-44,5
2024-01-03,winter,45-64,32
2024-01-03,winter,65-74,70
2024-01-03,winter,75-84,74
2024-01-03,winter,85+,155
2024-01-04,winter,0-24,3
2024-01-04,winter,25-44,5
2024-01-04,winter,45-64,38
2024-01-04,winter,65-74,54
2024-01-04,winter,75-84,74
2024-01-04,winter,85+,129
2024-01-05,winter,0-24,4
2024-01-05,winter,25-44,3
2024-01-05,winter,45-64,38
2024-01-05,winter,65-74,50
2024-01-05,winter,75-84,74
2024-01-05,winter,85+,135
2024-01-06,winter,0-24,4
2024-01-06,winter,25-44,6
2024-01-06,winter,45-64,35
2024-01-06,winter,65-74,37
2024-01-06,winter,75-84,71
2024-01-06,winter,85+,122
2024-01-07,winter,0-24,5
2024-01-07,winter,25-44,6
2024-01-07,winter,45-64,28
2024-01-07,winter,65-74,46
2024-01-07,winter,75-84,75
2024-01-07,winter,85+,110
2024-01-08,winter,0-24,3
2024-01-08,winter,25-44,6
2024-01-08,winter,45-64,25
2024-01-08,winter,65-74,44
2024-01-08,winter,75-84,99
2024-01-08,winter,85+,109
2024-01-09,winter,0-24,3
2024-01-09,winter,25-44,5
2024-01-09,winter,45-64,34
2024-01-09,winter,65-74,41
2024-01-09,winter,75-84,79
2024-01-09,winter,85+,95
2024-01-10,winter,0-24,1
2024-01-10,winter,25-44,6
2024-01-10,winter,45-64,33
2024-01-10,winter,65-74,54
2024-01-10,winter,75-84,79
2024-01-10,winter,85+,131
2024-01-11,winter,0-24,3
2024-01-11,winter,25-44,5
2024-01-11,winter,45-64,25
2024-01-11,winter,65-74,42
2024-01-11,winter,75-84,77
2024-01-11,winter,85+,149
2024-01-12,winter,0-24,3
2024-01-12,winter,25-44,5
2024-01-12,winter,45-64,24
2024-01-12,winter,65-74,42
2024-01-12,winter,75-84,52
2024-01-12,winter,85+,144
2024-01-13,winter,0-24,5
2024-01-13,winter,25-44,6
2024-01-13,winter,45-64,34
2024-01-13,winter,65-74,52
2024-01-13,winter,75-84,84
2024-01-13,winter,85+,169
2024-01-14,winter,25-44,7
2024-01-14,winter,45-64,33
2024-01-14,winter,65-74,53
2024-01-14,winter,75-84,88
2024-01-14,winter,85+,172
2024-01-15,winter,25-44,7
2024-01-15,winter,45-64,34
2024-01-15,winter,65-74,62
2024-01-15,winter,75-84,84
2024-01-15,winter,85+,163
2024-01-16,winter,25-44,11
2024-01-16,winter,45-64,44
2024-01-16,winter,65-74,63
2024-01-16,winter,75-84,108
2024-01-16,winter,85+,173
2024-01-17,winter,0-24,3
2024-01-17,winter,25-44,4
2024-01-17,winter,45-64,37
2024-01-17,winter,65-74,49
2024-01-17,winter,75-84,104
2024-01-17,winter,85+,174
2024-01-18,winter,0-24,4
2024-01-18,winter,25-44,7
2024-01-18,winter,45-64,43
2024-01-18,winter,65-74,58
2024-01-18,winter,75-84,93
2024-01-18,winter,85+,178
2024-01-19,winter,0-24,1
2024-01-19,winter,25-44,9
2024-01-19,winter,45-64,34
2024-01-19,winter,65-74,59
2024-01-19,winter,75-84,119
2024-01-19,winter,85+,183
2024-01-20,winter,0-24,1
2024-01-20,winter,25-44,4
2024-01-20,winter,45-64,26
2024-01-20,winter,65-74,52
2024-01-20,winter,75-84,94
2024-01-20,winter,85+,133
2024-01-21,winter,0-24,4
2024-01-21,winter,25-44,7
2024-01-21,winter,45-64,39
2024-01-21,winter,65-74,58
2024-01-21,winter,75-84,81
2024-01-21,winter,85+,164
2024-01-22,winter,0-24,1
2024-01-22,winter,25-44,7
2024-01-22,winter,45-64,42
2024-01-22,winter,65-74,63
2024-01-22,winter,75-84,110
2024-01-22,winter,85+,172
2024-01-23,winter,0-24,6
2024-01-23,winter,25-44,9
2024-01-23,winter,45-64,44
2024-01-23,winter,65-74,79
2024-01-23,winter,75-84,81
2024-01-23,winter,85+,178
2024-01-24,winter,0-24,4
2024-01-24,winter,25-44,8
2024-01-24,winter,45-64,38
2024-01-24,winter,65-74,61
2024-01-24,winter,75-84,89
2024-01-24,winter,85+,166
2024-01-25,winter,0-24,2
2024-01-25,winter,25-44,2
2024-01-25,winter,45-64,34
2024-01-25,winter,65-74,64
2024-01-25,winter,75-84,88
2024-01-25,winter,85+,184
2024-01-26,winter,0-24,1
2024-01-26,winter,25-44,6
2024-01-26,winter,45-64,45
2024-01-26,winter,65-74,70
2024-01-26,winter,75-84,109
2024-01-26,winter,85+,173
2024-01-27,winter,0-24,1
2024-01-27,winter,25-44,4
2024-01-27,winter,45-64,38
2024-01-27,winter,65-74,57
2024-01-27,winter,75-84,88
2024-01-27,winter,85+,156
2024-01-28,winter,25-44,8
2024-01-28,winter,45-64,37
2024-01-28,winter,65-74,53
2024-01-28,winter,75-84,88
2024-01-28,winter,85+,162
2024-01-29,winter,0-24,2
2024-01-29,winter,25-44,2
2024-01-29,winter,45-64,50
2024-01-29,winter,65-74,58
2024-01-29,winter,75-84,109
2024-01-29,winter,85+,153
2024-01-30,winter,0-24,6
2024-01-30,winter,25-44,8
2024-01-30,winter,45-64,42
2024-01-30,winter,65-74,63
2024-01-30,winter,75-84,103
2024-01-30,winter,85+,153
2024-01-31,winter,0-24,5
2024-01-31,winter,25-44,5
2024-01-31,winter,45-64,38
2024-01-31,winter,65-74,49
2024-01-31,winter,75-84,95
2024-01-31,winter,85+,174
2024-02-01,winter,0-24,3
2024-02-01,winter,25-44,6
2024-02-01,winter,45-64,39
2024-02-01,winter,65-74,59
2024-02-01,winter,75-84,90
2024-02-01,winter,85+,157
2024-02-02,winter,0-24,3
2024-02-02,winter,25-44,5
2024-02-02,winter,45-64,33
2024-02-02,winter,65-74,52
2024-02-02,winter,75-84,117
2024-02-02,winter,85+,178
2024-02-03,winter,25-44,1
2024-02-03,winter,45-64,28
2024-02-03,winter,65-74,57
2024-02-03,winter,75-84,75
2024-02-03,winter,85+,116
2024-02-04,winter,0-24,6
2024-02-04,winter,25-44,5
2024-02-04,winter,45-64,35
2024-02-04,winter,65-74,53
2024-02-04,winter,75-84,72
2024-02-04,winter,85+,142
2024-02-05,winter,0-24,2
2024-02-05,winter,25-44,8
2024-02-05,winter,45-64,29
2024-02-05,winter,65-74,51
2024-02-05,winter,75-84,82
2024-02-05,winter,85+,141
2024-02-06,winter,0-24,2
2024-02-06,winter,25-44,5
2024-02-06,winter,45-64,21
2024-02-06,winter,65-74,38
2024-02-06,winter,75-84,61
2024-02-06,winter,85+,116
2024-02-07,winter,0-24,1
2024-02-07,winter,25-44,5
2024-02-07,winter,45-64,38
2024-02-07,winter,65-74,56
2024-02-07,winter,75-84,77
2024-02-07,winter,85+,117
2024-02-08,winter,0-24,3
2024-02-08,winter,25-44,4
2024-02-08,winter,45-64,32
2024-02-08,winter,65-74,49
2024-02-08,winter,75-84,85
2024-02-08,winter,85+,144
2024-02-09,winter,0-24,2
2024-02-09,winter,25-44,6
2024-02-09,winter,45-64,24
2024-02-09,winter,65-74,48
2024-02-09,winter,75-84,73
2024-02-09,winter,85+,128
2024-02-10,winter,0-24,4
2024-02-10,winter,25-44,3
2024-02-10,winter,45-64,35
2024-02-10,winter,65-74,36
2024-02-10,winter,75-84,84
2024-02-10,winter,85+,137
2024-02-11,winter,0-24,1
2024-02-11,winter,25-44,8
2024-02-11,winter,45-64,32
2024-02-11,winter,65-74,37
2024-02-11,winter,75-84,61
2024-02-11,winter,85+,121
2024-02-12,winter,0-24,3
2024-02-12,winter,25-44,4
2024-02-12,winter,45-64,35
2024-02-12,winter,65-74,48
2024-02-12,winter,75-84,89
2024-02-12,winter,85+,150
2024-02-13,winter,0-24,2
2024-02-13,winter,25-44,7
2024-02-13,winter,45-64,43
2024-02-13,winter,65-74,56
2024-02-13,winter,75-84,82
2024-02-13,winter,85+,150
2024-02-14,winter,0-24,3
2024-02-14,winter,25-44,6
2024-02-14,winter,45-64,44
2024-02-14,winter,65-74,60
2024-02-14,winter,75-84,88
2024-02-14,winter,85+,140
2024-02-15,winter,0-24,2
2024-02-15,winter,25-44,3
2024-02-15,winter,45-64,51
2024-02-15,winter,65-74,50
2024-02-15,winter,75-84,82
2024-02-15,winter,85+,135
2024-02-16,winter,0-24,4
2024-02-16,winter,25-44,6
2024-02-16,winter,45-64,42
2024-02-16,winter,65-74,44
2024-02-16,winter,75-84,87
2024-02-16,winter,85+,156
2024-02-17,winter,25-44,6
2024-02-17,winter,45-64,37
2024-02-17,winter,65-74,54
2024-02-17,winter,75-84,95
2024-02-17,winter,85+,136
2024-02-18,winter,25-44,6
2024-02-18,winter,45-64,39
2024-02-18,winter,65-74,44
2024-02-18,winter,75-84,84
2024-02-18,winter,85+,154
2024-02-19,winter,0-24,3
2024-02-19,winter,25-44,3
2024-02-19,winter,45-64,34
2024-02-19,winter,65-74,74
2024-02-19,winter,75-84,75
2024-02-19,winter,85+,142
2024-02-20,winter,0-24,2
2024-02-20,winter,25-44,3
2024-02-20,winter,45-64,39
2024-02-20,winter,65-74,52
2024-02-20,winter,75-84,91
2024-02-20,winter,85+,108
2024-02-21,winter,0-24,2
2024-02-21,winter,25-44,4
2024-02-21,winter,45-64,42
2024-02-21,winter,65-74,44
2024-02-21,winter,75-84,90
2024-02-21,winter,85+,130
2024-02-22,winter,25-44,2
2024-02-22,winter,45-64,39
2024-02-22,winter,65-74,49
2024-02-22,winter,75-84,90
2024-02-22,winter,85+,155
2024-02-23,winter,0-24,2
2024-02-23,winter,25-44,6
2024-02-23,winter,45-64,35
2024-02-23,winter,65-74,46
2024-02-23,winter,75-84,93
2024-02-23,winter,85+,180
2024-02-24,winter,0-24,3
2024-02-24,winter,25-44,10
2024-02-24,winter,45-64,46
2024-02-24,winter,65-74,38
2024-02-24,winter,75-84,85
2024-02-24,winter,85+,142
2024-02-25,winter,0-24,2
2024-02-25,winter,25-44,7
2024-02-25,winter,45-64,33
2024-02-25,winter,65-74,43
2024-02-25,winter,75-84,74
2024-02-25,winter,85+,116
2024-02-26,winter,0-24,2
2024-02-26,winter,25-44,5
2024-02-26,winter,45-64,27
2024-02-26,winter,65-74,55
2024-02-26,winter,75-84,76
2024-02-26,winter,85+,138
2024-02-27,winter,0-24,1
2024-02-27,winter,25-44,4
2024-02-27,winter,45-64,43
2024-02-27,winter,65-74,53
2024-02-27,winter,75-84,97
2024-02-27,winter,85+,146
2024-02-28,winter,0-24,1
2024-02-28,winter,25-44,4
2024-02-28,winter,45-64,37
2024-02-28,winter,65-74,64
2024-02-28,winter,75-84,93
2024-02-28,winter,85+,136
2024-02-29,winter,0-24,2
2024-02-29,winter,25-44,4
2024-02-29,winter,45-64,35
2024-02-29,winter,65-74,62
2024-02-29,winter,75-84,83
2024-02-29,winter,85+,155
2024-03-01,winter,0-24,2
2024-03-01,winter,25-44,6
2024-03-01,winter,45-64,33
2024-03-01,winter,65-74,61
2024-03-01,winter,75-84,105
2024-03-01,winter,85+,160
2024-03-02,winter,0-24,2
2024-03-02,winter,25-44,5
2024-03-02,winter,45-64,33
2024-03-02,winter,65-74,67
2024-03-02,winter,75-84,97
2024-03-02,winter,85+,164
2024-03-03,winter,0-24,3
2024-03-03,winter,25-44,5
2024-03-03,winter,45-64,23
2024-03-03,winter,65-74,42
2024-03-03,winter,75-84,87
2024-03-03,winter,85+,133
2024-03-04,winter,25-44,3
2024-03-04,winter,45-64,47
2024-03-04,winter,65-74,47
2024-03-04,winter,75-84,74
2024-03-04,winter,85+,132
2024-03-05,winter,0-24,1
2024-03-05,winter,25-44,5
2024-03-05,winter,45-64,31
2024-03-05,winter,65-74,40
2024-03-05,winter,75-84,100
2024-03-05,winter,85+,123
2024-03-06,winter,0-24,4
2024-03-06,winter,25-44,10
2024-03-06,winter,45-64,33
2024-03-06,winter,65-74,49
2024-03-06,winter,75-84,76
2024-03-06,winter,85+,125
2024-03-07,winter,0-24,1
2024-03-07,winter,25-44,5
2024-03-07,winter,45-64,35
2024-03-07,winter,65-74,48
2024-03-07,winter,75-84,67
2024-03-07,winter,85+,114
2024-03-08,winter,0-24,5
2024-03-08,winter,25-44,7
2024-03-08,winter,45-64,30
2024-03-08,winter,65-74,31
2024-03-08,winter,75-84,75
2024-03-08,winter,85+,127
2024-03-09,winter,0-24,1
2024-03-09,winter,25-44,4
2024-03-09,winter,45-64,32
2024-03-09,winter,65-74,40
2024-03-09,winter,75-84,71
2024-03-09,winter,85+,125
2024-03-10,winter,0-24,3
2024-03-10,winter,25-44,3
2024-03-10,winter,45-64,41
2024-03-10,winter,65-74,70
2024-03-10,winter,75-84,76
2024-03-10,winter,85+,130
2024-03-11,winter,25-44,3
2024-03-11,winter,45-64,33
2024-03-11,winter,65-74,52
2024-03-11,winter,75-84,76
2024-03-11,winter,85+,109
2024-03-12,winter,0-24,4
2024-03-12,winter,25-44,5
2024-03-12,winter,45-64,37
2024-03-12,winter,65-74,59
2024-03-12,winter,75-84,85
2024-03-12,winter,85+,147
2024-03-13,winter,0-24,2
2024-03-13,winter,25-44,8
2024-03-13,winter,45-64,40
2024-03-13,winter,65-74,42
2024-03-13,winter,75-84,91
2024-03-13,winter,85+,128
2024-03-14,winter,0-24,3
2024-03-14,winter,25-44,12
2024-03-14,winter,45-64,47
2024-03-14,winter,65-74,44
2024-03-14,winter,75-84,84
2024-03-14,winter,85+,125
2024-03-15,winter,0-24,4
2024-03-15,winter,25-44,8
2024-03-15,winter,45-64,29
2024-03-15,winter,65-74,53
2024-03-15,winter,75-84,73
2024-03-15,winter,85+,151
2024-03-16,winter,0-24,1
2024-03-16,winter,25-44,6
2024-03-16,winter,45-64,34
2024-03-16,winter,65-74,38
2024-03-16,winter,75-84,82
2024-03-16,winter,85+,110
2024-03-17,winter,0-24,3
2024-03-17,winter,25-44,6
2024-03-17,winter,45-64,33
2024-03-17,winter,65-74,42
2024-03-17,winter,75-84,71
2024-03-17,winter,85+,120
2024-03-18,winter,0-24,1
2024-03-18,winter,25-44,7
2024-03-18,winter,45-64,35
2024-03-18,winter,65-74,46
2024-03-18,winter,75-84,84
2024-03-18,winter,85+,137
2024-03-19,winter,0-24,1
2024-03-19,winter,25-44,7
2024-03-19,winter,45-64,44
2024-03-19,winter,65-74,54
2024-03-19,winter,75-84,82
2024-03-19,winter,85+,128
2024-03-20,spring,0-24,1
2024-03-20,spring,25-44,12
2024-03-20,spring,45-64,37
2024-03-20,spring,65-74,50
2024-03-20,spring,75-84,72
2024-03-20,spring,85+,142
2024-03-21,spring,0-24,2
2024-03-21,spring,25-44,9
2024-03-21,spring,45-64,41
2024-03-21,spring,65-74,46
2024-03-21,spring,75-84,81
2024-03-21,spring,85+,122
2024-03-22,spring,0-24,4
2024-03-22,spring,25-44,1
2024-03-22,spring,45-64,43
2024-03-22,spring,65-74,59
2024-03-22,spring,75-84,80
2024-03-22,spring,85+,143
2024-03-23,spring,0-24,5
2024-03-23,spring,25-44,3
2024-03-23,spring,45-64,24
2024-03-23,spring,65-74,40
2024-03-23,spring,75-84,62
2024-03-23,spring,85+,125
2024-03-24,spring,0-24,1
2024-03-24,spring,25-44,8
2024-03-24,spring,45-64,30
2024-03-24,spring,65-74,31
2024-03-24,spring,75-84,72
2024-03-24,spring,85+,130
2024-03-25,spring,0-24,3
2024-03-25,spring,25-44,6
2024-03-25,spring,45-64,33
2024-03-25,spring,65-74,50
2024-03-25,spring,75-84,81
2024-03-25,spring,85+,138
2024-03-26,spring,0-24,2
2024-03-26,spring,25-44,2
2024-03-26,spring,45-64,38
2024-03-26,spring,65-74,66
2024-03-26,spring,75-84,63
2024-03-26,spring,85+,145
2024-03-27,spring,0-24,3
2024-03-27,spring,25-44,8
2024-03-27,spring,45-64,34
2024-03-27,spring,65-74,46
2024-03-27,spring,75-84,72
2024-03-27,spring,85+,150
2024-03-28,spring,0-24,1
2024-03-28,spring,25-44,2
2024-03-28,spring,45-64,39
2024-03-28,spring,65-74,48
2024-03-28,spring,75-84,97
2024-03-28,spring,85+,164
2024-03-29,spring,0-24,6
2024-03-29,spring,25-44,7
2024-03-29,spring,45-64,36
2024-03-29,spring,65-74,43
2024-03-29,spring,75-84,80
2024-03-29,spring,85+,135
2024-03-30,spring,0-24,3
2024-03-30,spring,25-44,7
2024-03-30,spring,45-64,30
2024-03-30,spring,65-74,46
2024-03-30,spring,75-84,81
2024-03-30,spring,85+,144
2024-03-31,spring,0-24,1
2024-03-31,spring,25-44,6
2024-03-31,spring,45-64,33
2024-03-31,spring,65-74,43
2024-03-31,spring,75-84,55
2024-03-31,spring,85+,128
2024-04-01,spring,0-24,4
2024-04-01,spring,25-44,7
2024-04-01,spring,45-64,39
2024-04-01,spring,65-74,68
2024-04-01,spring,75-84,89
2024-04-01,spring,85+,173
2024-04-02,spring,0-24,1
2024-04-02,spring,25-44,5
2024-04-02,spring,45-64,31
2024-04-02,spring,65-74,44
2024-04-02,spring,75-84,96
2024-04-02,spring,85+,171
2024-04-03,spring,0-24,1
2024-04-03,spring,25-44,4
2024-04-03,spring,45-64,31
2024-04-03,spring,65-74,51
2024-04-03,spring,75-84,85
2024-04-03,spring,85+,145
2024-04-04,spring,0-24,4
2024-04-04,spring,25-44,4
2024-04-04,spring,45-64,38
2024-04-04,spring,65-74,48
2024-04-04,spring,75-84,85
2024-04-04,spring,85+,135
2024-04-05,spring,0-24,2
2024-04-05,spring,25-44,7
2024-04-05,spring,45-64,27
2024-04-05,spring,65-74,46
2024-04-05,spring,75-84,82
2024-04-05,spring,85+,136
2024-04-06,spring,0-24,2
2024-04-06,spring,25-44,6
2024-04-06,spring,45-64,29
2024-04-06,spring,65-74,51
2024-04-06,spring,75-84,77
2024-04-06,spring,85+,133
2024-04-07,spring,0-24,1
2024-04-07,spring,25-44,8
2024-04-07,spring,45-64,26
2024-04-07,spring,65-74,51
2024-04-07,spring,75-84,83
2024-04-07,spring,85+,123
2024-04-08,spring,25-44,11
2024-04-08,spring,45-64,31
2024-04-08,spring,65-74,52
2024-04-08,spring,75-84,75
2024-04-08,spring,85+,97
2024-04-09,spring,25-44,6
2024-04-09,spring,45-64,37
2024-04-09,spring,65-74,44
2024-04-09,spring,75-84,70
2024-04-09,spring,85+,106
2024-04-10,spring,0-24,2
2024-04-10,spring,25-44,7
2024-04-10,spring,45-64,38
2024-04-10,spring,65-74,53
2024-04-10,spring,75-84,85
2024-04-10,spring,85+,160
2024-04-11,spring,0-24,1
2024-04-11,spring,25-44,8
2024-04-11,spring,45-64,35
2024-04-11,spring,65-74,46
2024-04-11,spring,75-84,86
2024-04-11,spring,85+,127
2024-04-12,spring,0-24,2
2024-04-12,spring,25-44,8
2024-04-12,spring,45-64,29
2024-04-12,spring,65-74,63
2024-04-12,spring,75-84,74
2024-04-12,spring,85+,148
2024-04-13,spring,0-24,2
2024-04-13,spring,25-44,2
2024-04-13,spring,45-64,29
2024-04-13,spring,65-74,51
2024-04-13,spring,75-84,85
2024-04-13,spring,85+,157
2024-04-14,spring,0-24,3
2024-04-14,spring,25-44,6
2024-04-14,spring,45-64,27
2024-04-14,spring,65-74,34
2024-04-14,spring,75-84,77
2024-04-14,spring,85+,125
2024-04-15,spring,0-24,2
2024-04-15,spring,25-44,7
2024-04-15,spring,45-64,38
2024-04-15,spring,65-74,45
2024-04-15,spring,75-84,76
2024-04-15,spring,85+,102
2024-04-16,spring,0-24,1
2024-04-16,spring,25-44,5
2024-04-16,spring,45-64,28
2024-04-16,spring,65-74,56
2024-04-16,spring,75-84,94
2024-04-16,spring,85+,134
2024-04-17,spring,0-24,3
2024-04-17,spring,25-44,9
2024-04-17,spring,45-64,35
2024-04-17,spring,65-74,47
2024-04-17,spring,75-84,73
2024-04-17,spring,85+,109
2024-04-18,spring,0-24,1
2024-04-18,spring,25-44,8
2024-04-18,spring,45-64,30
2024-04-18,spring,65-74,46
2024-04-18,spring,75-84,91
2024-04-18,spring,85+,129
2024-04-19,spring,0-24,4
2024-04-19,spring,25-44,9
2024-04-19,spring,45-64,34
2024-04-19,spring,65-74,53
2024-04-19,spring,75-84,65
2024-04-19,spring,85+,151
2024-04-20,spring,25-44,2
2024-04-20,spring,45-64,42
2024-04-20,spring,65-74,56
2024-04-20,spring,75-84,71
2024-04-20,spring,85+,135
2024-04-21,spring,25-44,4
2024-04-21,spring,45-64,28
2024-04-21,spring,65-74,43
2024-04-21,spring,75-84,59
2024-04-21,spring,85+,131
2024-04-22,spring,0-24,4
2024-04-22,spring,25-44,9
2024-04-22,spring,45-64,26
2024-04-22,spring,65-74,48
2024-04-22,spring,75-84,83
2024-04-22,spring,85+,129
2024-04-23,spring,0-24,2
2024-04-23,spring,25-44,4
2024-04-23,spring,45-64,36
2024-04-23,spring,65-74,44
2024-04-23,spring,75-84,86
2024-04-23,spring,85+,152
2024-04-24,spring,0-24,3
2024-04-24,spring,25-44,5
2024-04-24,spring,45-64,35
2024-04-24,spring,65-74,53
2024-04-24,spring,75-84,82
2024-04-24,spring,85+,137
2024-04-25,spring,0-24,5
2024-04-25,spring,25-44,2
2024-04-25,spring,45-64,32
2024-04-25,spring,65-74,50
2024-04-25,spring,75-84,89
2024-04-25,spring,85+,124
2024-04-26,spring,0-24,4
2024-04-26,spring,25-44,2
2024-04-26,spring,45-64,40
2024-04-26,spring,65-74,41
2024-04-26,spring,75-84,93
2024-04-26,spring,85+,114
2024-04-27,spring,0-24,3
2024-04-27,spring,25-44,9
2024-04-27,spring,45-64,29
2024-04-27,spring,65-74,42
2024-04-27,spring,75-84,75
2024-04-27,spring,85+,152
2024-04-28,spring,0-24,3
2024-04-28,spring,25-44,3
2024-04-28,spring,45-64,29
2024-04-28,spring,65-74,40
2024-04-28,spring,75-84,85
2024-04-28,spring,85+,118
2024-04-29,spring,0-24,1
2024-04-29,spring,25-44,5
2024-04-29,spring,45-64,43
2024-04-29,spring,65-74,48
2024-04-29,spring,75-84,81
2024-04-29,spring,85+,120
2024-04-30,spring,0-24,3
2024-04-30,spring,25-44,6
2024-04-30,spring,45-64,43
2024-04-30,spring,65-74,47
2024-04-30,spring,75-84,93
2024-04-30,spring,85+,156
2024-05-01,spring,25-44,3
2024-05-01,spring,45-64,26
2024-05-01,spring,65-74,49
2024-05-01,spring,75-84,91
2024-05-01,spring,85+,151
2024-05-02,spring,25-44,8
2024-05-02,spring,45-64,42
2024-05-02,spring,65-74,46
2024-05-02,spring,75-84,101
2024-05-02,spring,85+,159
2024-05-03,spring,0-24,2
2024-05-03,spring,25-44,10
2024-05-03,spring,45-64,36
2024-05-03,spring,65-74,57
2024-05-03,spring,75-84,68
2024-05-03,spring,85+,146
2024-05-04,spring,0-24,4
2024-05-04,spring,25-44,6
2024-05-04,spring,45-64,32
2024-05-04,spring,65-74,45
2024-05-04,spring,75-84,81
2024-05-04,spring,85+,154
2024-05-05,spring,0-24,4
2024-05-05,spring,25-44,7
2024-05-05,spring,45-64,21
2024-05-05,spring,65-74,38
2024-05-05,spring,75-84,76
2024-05-05,spring,85+,127
2024-05-06,spring,0-24,2
2024-05-06,spring,25-44,4
2024-05-06,spring,45-64,39
2024-05-06,spring,65-74,50
2024-05-06,spring,75-84,60
2024-05-06,spring,85+,122
2024-05-07,spring,0-24,2
2024-05-07,spring,25-44,6
2024-05-07,spring,45-64,36
2024-05-07,spring,65-74,55
2024-05-07,spring,75-84,81
2024-05-07,spring,85+,129
2024-05-08,spring,0-24,3
2024-05-08,spring,25-44,7
2024-05-08,spring,45-64,44
2024-05-08,spring,65-74,38
2024-05-08,spring,75-84,81
2024-05-08,spring,85+,108
2024-05-09,spring,0-24,3
2024-05-09,spring,25-44,2
2024-05-09,spring,45-64,29
2024-05-09,spring,65-74,52
2024-05-09,spring,75-84,76
2024-05-09,spring,85+,117
2024-05-10,spring,0-24,1
2024-05-10,spring,25-44,6
2024-05-10,spring,45-64,35
2024-05-10,spring,65-74,48
2024-05-10,spring,75-84,64
2024-05-10,spring,85+,122
2024-05-11,spring,0-24,1
2024-05-11,spring,25-44,7
2024-05-11,spring,45-64,33
2024-05-11,spring,65-74,53
2024-05-11,spring,75-84,61
2024-05-11,spring,85+,115
2024-05-12,spring,0-24,1
2024-05-12,spring,25-44,8
2024-05-12,spring,45-64,29
2024-05-12,spring,65-74,48
2024-05-12,spring,75-84,81
2024-05-12,spring,85+,123
2024-05-13,spring,0-24,3
2024-05-13,spring,25-44,6
2024-05-13,spring,45-64,28
2024-05-13,spring,65-74,49
2024-05-13,spring,75-84,59
2024-05-13,spring,85+,114
2024-05-14,spring,0-24,3
2024-05-14,spring,25-44,5
2024-05-14,spring,45-64,41
2024-05-14,spring,65-74,59
2024-05-14,spring,75-84,93
2024-05-14,spring,85+,123
2024-05-15,spring,0-24,2
2024-05-15,spring,25-44,6
2024-05-15,spring,45-64,37
2024-05-15,spring,65-74,52
2024-05-15,spring,75-84,83
2024-05-15,spring,85+,149
2024-05-16,spring,0-24,1
2024-05-16,spring,25-44,7
2024-05-16,spring,45-64,43
2024-05-16,spring,65-74,51
2024-05-16,spring,75-84,79
2024-05-16,spring,85+,123
2024-05-17,spring,0-24,2
2024-05-17,spring,25-44,7
2024-05-17,spring,45-64,25
2024-05-17,spring,65-74,41
2024-05-17,spring,75-84,68
2024-05-17,spring,85+,132
2024-05-18,spring,0-24,1
2024-05-18,spring,25-44,6
2024-05-18,spring,45-64,31
2024-05-18,spring,65-74,47
2024-05-18,spring,75-84,80
2024-05-18,spring,85+,124
2024-05-19,spring,0-24,4
2024-05-19,spring,25-44,9
2024-05-19,spring,45-64,20
2024-05-19,spring,65-74,47
2024-05-19,spring,75-84,72
2024-05-19,spring,85+,111
2024-05-20,spring,0-24,1
2024-05-20,spring,25-44,6
2024-05-20,spring,45-64,22
2024-05-20,spring,65-74,39
2024-05-20,spring,75-84,65
2024-05-20,spring,85+,114
2024-05-21,spring,0-24,1
2024-05-21,spring,25-44,3
2024-05-21,spring,45-64,21
2024-05-21,spring,65-74,50
2024-05-21,spring,75-84,64
2024-05-21,spring,85+,125
2024-05-22,spring,0-24,1
2024-05-22,spring,25-44,6
2024-05-22,spring,45-64,20
2024-05-22,spring,65-74,46
2024-05-22,spring,75-84,89
2024-05-22,spring,85+,117
2024-05-23,spring,0-24,1
2024-05-23,spring,25-44,2
2024-05-23,spring,45-64,32
2024-05-23,spring,65-74,46
2024-05-23,spring,75-84,70
2024-05-23,spring,85+,112
2024-05-24,spring,0-24,3
2024-05-24,spring,25-44,5
2024-05-24,spring,45-64,39
2024-05-24,spring,65-74,47
2024-05-24,spring,75-84,62
2024-05-24,spring,85+,135
2024-05-25,spring,0-24,1
2024-05-25,spring,25-44,6
2024-05-25,spring,45-64,20
2024-05-25,spring,65-74,37
2024-05-25,spring,75-84,58
2024-05-25,spring,85+,111
2024-05-26,spring,0-24,1
2024-05-26,spring,25-44,1
2024-05-26,spring,45-64,30
2024-05-26,spring,65-74,55
2024-05-26,spring,75-84,77
2024-05-26,spring,85+,105
2024-05-27,spring,25-44,7
2024-05-27,spring,45-64,32
2024-05-27,spring,65-74,53
2024-05-27,spring,75-84,57
2024-05-27,spring,85+,102
2024-05-28,spring,0-24,3
2024-05-28,spring,25-44,2
2024-05-28,spring,45-64,26
2024-05-28,spring,65-74,44
2024-05-28,spring,75-84,58
2024-05-28,spring,85+,109
2024-05-29,spring,0-24,2
2024-05-29,spring,25-44,3
2024-05-29,spring,45-64,29
2024-05-29,spring,65-74,47
2024-05-29,spring,75-84,56
2024-05-29,spring,85+,130
2024-05-30,spring,0-24,2
2024-05-30,spring,25-44,7
2024-05-30,spring,45-64,31
2024-05-30,spring,65-74,46
2024-05-30,spring,75-84,83
2024-05-30,spring,85+,117
2024-05-31,spring,0-24,3
2024-05-31,spring,25-44,3
2024-05-31,spring,45-64,36
2024-05-31,spring,65-74,46
2024-05-31,spring,75-84,76
2024-05-31,spring,85+,113
2024-06-01,spring,0-24,2
2024-06-01,spring,25-44,6
2024-06-01,spring,45-64,30
2024-06-01,spring,65-74,60
2024-06-01,spring,75-84,76
2024-06-01,spring,85+,147
2024-06-02,spring,0-24,2
2024-06-02,spring,25-44,7
2024-06-02,spring,45-64,41
2024-06-02,spring,65-74,55
2024-06-02,spring,75-84,86
2024-06-02,spring,85+,186
2024-06-03,spring,0-24,3
2024-06-03,spring,25-44,7
2024-06-03,spring,45-64,26
2024-06-03,spring,65-74,59
2024-06-03,spring,75-84,89
2024-06-03,spring,85+,145
2024-06-04,spring,0-24,4
2024-06-04,spring,25-44,5
2024-06-04,spring,45-64,26
2024-06-04,spring,65-74,36
2024-06-04,spring,75-84,86
2024-06-04,spring,85+,141
2024-06-05,spring,0-24,1
2024-06-05,spring,25-44,6
2024-06-05,spring,45-64,30
2024-06-05,spring,65-74,50
2024-06-05,spring,75-84,69
2024-06-05,spring,85+,110
2024-06-06,spring,0-24,3
2024-06-06,spring,25-44,2
2024-06-06,spring,45-64,35
2024-06-06,spring,65-74,52
2024-06-06,spring,75-84,75
2024-06-06,spring,85+,122
2024-06-07,spring,0-24,4
2024-06-07,spring,25-44,5
2024-06-07,spring,45-64,32
2024-06-07,spring,65-74,35
2024-06-07,spring,75-84,80
2024-06-07,spring,85+,114
2024-06-08,spring,0-24,1
2024-06-08,spring,25-44,5
2024-06-08,spring,45-64,25
2024-06-08,spring,65-74,63
2024-06-08,spring,75-84,94
2024-06-08,spring,85+,122
2024-06-09,spring,0-24,1
2024-06-09,spring,25-44,6
2024-06-09,spring,45-64,29
2024-06-09,spring,65-74,48
2024-06-09,spring,75-84,81
2024-06-09,spring,85+,116
2024-06-10,spring,0-24,2
2024-06-10,spring,25-44,7
2024-06-10,spring,45-64,29
2024-06-10,spring,65-74,46
2024-06-10,spring,75-84,67
2024-06-10,spring,85+,132
2024-06-11,spring,0-24,2
2024-06-11,spring,25-44,8
2024-06-11,spring,45-64,30
2024-06-11,spring,65-74,44
2024-06-11,spring,75-84,67
2024-06-11,spring,85+,119
2024-06-12,spring,0-24,3
2024-06-12,spring,25-44,3
2024-06-12,spring,45-64,35
2024-06-12,spring,65-74,63
2024-06-12,spring,75-84,85
2024-06-12,spring,85+,143
2024-06-13,spring,0-24,2
2024-06-13,spring,25-44,9
2024-06-13,spring,45-64,41
2024-06-13,spring,65-74,58
2024-06-13,spring,75-84,101
2024-06-13,spring,85+,131
2024-06-14,spring,0-24,5
2024-06-14,spring,25-44,8
2024-06-14,spring,45-64,40
2024-06-14,spring,65-74,51
2024-06-14,spring,75-84,67
2024-06-14,spring,85+,141
2024-06-15,spring,0-24,3
2024-06-15,spring,25-44,7
2024-06-15,spring,45-64,33
2024-06-15,spring,65-74,45
2024-06-15,spring,75-84,74
2024-06-15,spring,85+,129
2024-06-16,spring,0-24,1
2024-06-16,spring,25-44,7
2024-06-16,spring,45-64,23
2024-06-16,spring,65-74,42
2024-06-16,spring,75-84,72
2024-06-16,spring,85+,120
2024-06-17,spring,0-24,1
2024-06-17,spring,25-44,5
2024-06-17,spring,45-64,23
2024-06-17,spring,65-74,47
2024-06-17,spring,75-84,74
2024-06-17,spring,85+,131
2024-06-18,spring,0-24,1
2024-06-18,spring,25-44,6
2024-06-18,spring,45-64,32
2024-06-18,spring,65-74,50
2024-06-18,spring,75-84,76
2024-06-18,spring,85+,150
2024-06-19,spring,0-24,2
2024-06-19,spring,25-44,7
2024-06-19,spring,45-64,35
2024-06-19,spring,65-74,44
2024-06-19,spring,75-84,77
2024-06-19,spring,85+,138
2024-06-20,spring,0-24,5
2024-06-20,spring,25-44,6
2024-06-20,spring,45-64,23
2024-06-20,spring,65-74,38
2024-06-20,spring,75-84,66
2024-06-20,spring,85+,141
2024-06-21,summer,0-24,4
2024-06-21,summer,25-44,6
2024-06-21,summer,45-64,28
2024-06-21,summer,65-74,56
2024-06-21,summer,75-84,82
2024-06-21,summer,85+,123
2024-06-22,summer,0-24,4
2024-06-22,summer,25-44,7
2024-06-22,summer,45-64,37
2024-06-22,summer,65-74,55
2024-06-22,summer,75-84,74
2024-06-22,summer,85+,103
2024-06-23,summer,0-24,8
2024-06-23,summer,25-44,4
2024-06-23,summer,45-64,24
2024-06-23,summer,65-74,44
2024-06-23,summer,75-84,69
2024-06-23,summer,85+,119
2024-06-24,summer,0-24,1
2024-06-24,summer,25-44,12
2024-06-24,summer,45-64,42
2024-06-24,summer,65-74,49
2024-06-24,summer,75-84,83
2024-06-24,summer,85+,136
2024-06-25,summer,0-24,4
2024-06-25,summer,25-44,3
2024-06-25,summer,45-64,39
2024-06-25,summer,65-74,51
2024-06-25,summer,75-84,95
2024-06-25,summer,85+,118
2024-06-26,summer,0-24,3
2024-06-26,summer,25-44,1
2024-06-26,summer,45-64,29
2024-06-26,summer,65-74,68
2024-06-26,summer,75-84,97
2024-06-26,summer,85+,135
2024-06-27,summer,0-24,2
2024-06-27,summer,25-44,9
2024-06-27,summer,45-64,45
2024-06-27,summer,65-74,57
2024-06-27,summer,75-84,80
2024-06-27,summer,85+,143
2024-06-28,summer,0-24,2
2024-06-28,summer,25-44,5
2024-06-28,summer,45-64,25
2024-06-28,summer,65-74,59
2024-06-28,summer,75-84,79
2024-06-28,summer,85+,134
2024-06-29,summer,0-24,3
2024-06-29,summer,25-44,4
2024-06-29,summer,45-64,33
2024-06-29,summer,65-74,49
2024-06-29,summer,75-84,90
2024-06-29,summer,85+,125
2024-06-30,summer,0-24,4
2024-06-30,summer,25-44,2
2024-06-30,summer,45-64,30
2024-06-30,summer,65-74,48
2024-06-30,summer,75-84,72
2024-06-30,summer,85+,124
2024-07-01,summer,25-44,7
2024-07-01,summer,45-64,25
2024-07-01,summer,65-74,42
2024-07-01,summer,75-84,82
2024-07-01,summer,85+,144
2024-07-02,summer,0-24,2
2024-07-02,summer,25-44,4
2024-07-02,summer,45-64,39
2024-07-02,summer,65-74,52
2024-07-02,summer,75-84,75
2024-07-02,summer,85+,163
2024-07-03,summer,0-24,3
2024-07-03,summer,25-44,11
2024-07-03,summer,45-64,30
2024-07-03,summer,65-74,50
2024-07-03,summer,75-84,75
2024-07-03,summer,85+,148
2024-07-04,summer,0-24,1
2024-07-04,summer,25-44,9
2024-07-04,summer,45-64,29
2024-07-04,summer,65-74,40
2024-07-04,summer,75-84,64
2024-07-04,summer,85+,146
2024-07-05,summer,0-24,2
2024-07-05,summer,25-44,3
2024-07-05,summer,45-64,28
2024-07-05,summer,65-74,46
2024-07-05,summer,75-84,73
2024-07-05,summer,85+,135
2024-07-06,summer,0-24,3
2024-07-06,summer,25-44,5
2024-07-06,summer,45-64,40
2024-07-06,summer,65-74,45
2024-07-06,summer,75-84,79
2024-07-06,summer,85+,132
2024-07-07,summer,0-24,2
2024-07-07,summer,25-44,6
2024-07-07,summer,45-64,28
2024-07-07,summer,65-74,35
2024-07-07,summer,75-84,63
2024-07-07,summer,85+,92
2024-07-08,summer,0-24,2
2024-07-08,summer,25-44,3
2024-07-08,summer,45-64,30
2024-07-08,summer,65-74,41
2024-07-08,summer,75-84,79
2024-07-08,summer,85+,120
2024-07-09,summer,25-44,4
2024-07-09,summer,45-64,30
2024-07-09,summer,65-74,48
2024-07-09,summer,75-84,76
2024-07-09,summer,85+,117
2024-07-10,summer,0-24,1
2024-07-10,summer,25-44,4
2024-07-10,summer,45-64,35
2024-07-10,summer,65-74,42
2024-07-10,summer,75-84,81
2024-07-10,summer,85+,113
2024-07-11,summer,0-24,1
2024-07-11,summer,25-44,7
2024-07-11,summer,45-64,32
2024-07-11,summer,65-74,53
2024-07-11,summer,75-84,79
2024-07-11,summer,85+,122
2024-07-12,summer,0-24,4
2024-07-12,summer,25-44,2
2024-07-12,summer,45-64,35
2024-07-12,summer,65-74,51
2024-07-12,summer,75-84,76
2024-07-12,summer,85+,169
2024-07-13,summer,0-24,1
2024-07-13,summer,25-44,6
2024-07-13,summer,45-64,34
2024-07-13,summer,65-74,35
2024-07-13,summer,75-84,83
2024-07-13,summer,85+,120
2024-07-14,summer,25-44,4
2024-07-14,summer,45-64,29
2024-07-14,summer,65-74,46
2024-07-14,summer,75-84,65
2024-07-14,summer,85+,85
2024-07-15,summer,0-24,2
2024-07-15,summer,25-44,3
2024-07-15,summer,45-64,38
2024-07-15,summer,65-74,51
2024-07-15,summer,75-84,83
2024-07-15,summer,85+,131
2024-07-16,summer,0-24,2
2024-07-16,summer,25-44,7
2024-07-16,summer,45-64,27
2024-07-16,summer,65-74,44
2024-07-16,summer,75-84,81
2024-07-16,summer,85+,116
2024-07-17,summer,0-24,2
2024-07-17,summer,25-44,7
2024-07-17,summer,45-64,31
2024-07-17,summer,65-74,42
2024-07-17,summer,75-84,80
2024-07-17,summer,85+,131
2024-07-18,summer,0-24,1
2024-07-18,summer,25-44,10
2024-07-18,summer,45-64,30
2024-07-18,summer,65-74,54
2024-07-18,summer,75-84,72
2024-07-18,summer,85+,117
2024-07-19,summer,0-24,5
2024-07-19,summer,45-64,37
2024-07-19,summer,65-74,44
2024-07-19,summer,75-84,87
2024-07-19,summer,85+,150
2024-07-20,summer,0-24,6
2024-07-20,summer,25-44,1
2024-07-20,summer,45-64,27
2024-07-20,summer,65-74,52
2024-07-20,summer,75-84,68
2024-07-20,summer,85+,143
2024-07-21,summer,0-24,5
2024-07-21,summer,25-44,5
2024-07-21,summer,45-64,33
2024-07-21,summer,65-74,41
2024-07-21,summer,75-84,70
2024-07-21,summer,85+,117
2024-07-22,summer,0-24,2
2024-07-22,summer,25-44,5
2024-07-22,summer,45-64,20
2024-07-22,summer,65-74,43
2024-07-22,summer,75-84,83
2024-07-22,summer,85+,129
2024-07-23,summer,0-24,2
2024-07-23,summer,25-44,6
2024-07-23,summer,45-64,29
2024-07-23,summer,65-74,51
2024-07-23,summer,75-84,82
2024-07-23,summer,85+,125
2024-07-24,summer,0-24,3
2024-07-24,summer,25-44,3
2024-07-24,summer,45-64,42
2024-07-24,summer,65-74,38
2024-07-24,summer,75-84,72
2024-07-24,summer,85+,146
2024-07-25,summer,0-24,4
2024-07-25,summer,25-44,7
2024-07-25,summer,45-64,28
2024-07-25,summer,65-74,50
2024-07-25,summer,75-84,68
2024-07-25,summer,85+,125
2024-07-26,summer,0-24,3
2024-07-26,summer,25-44,5
2024-07-26,summer,45-64,38
2024-07-26,summer,65-74,46
2024-07-26,summer,75-84,81
2024-07-26,summer,85+,141
2024-07-27,summer,0-24,4
2024-07-27,summer,25-44,6
2024-07-27,summer,45-64,37
2024-07-27,summer,65-74,38
2024-07-27,summer,75-84,79
2024-07-27,summer,85+,132
2024-07-28,summer,0-24,3
2024-07-28,summer,25-44,8
2024-07-28,summer,45-64,27
2024-07-28,summer,65-74,48
2024-07-28,summer,75-84,73
2024-07-28,summer,85+,121
2024-07-29,summer,0-24,4
2024-07-29,summer,25-44,5
2024-07-29,summer,45-64,36
2024-07-29,summer,65-74,43
2024-07-29,summer,75-84,75
2024-07-29,summer,85+,104
2024-07-30,summer,0-24,2
2024-07-30,summer,25-44,5
2024-07-30,summer,45-64,38
2024-07-30,summer,65-74,51
2024-07-30,summer,75-84,78
2024-07-30,summer,85+,132
2024-07-31,summer,0-24,1
2024-07-31,summer,25-44,5
2024-07-31,summer,45-64,40
2024-07-31,summer,65-74,58
2024-07-31,summer,75-84,67
2024-07-31,summer,85+,130
2024-08-01,summer,0-24,6
2024-08-01,summer,25-44,8
2024-08-01,summer,45-64,25
2024-08-01,summer,65-74,59
2024-08-01,summer,75-84,71
2024-08-01,summer,85+,150
2024-08-02,summer,0-24,5
2024-08-02,summer,25-44,4
2024-08-02,summer,45-64,41
2024-08-02,summer,65-74,55
2024-08-02,summer,75-84,86
2024-08-02,summer,85+,149
2024-08-03,summer,0-24,4
2024-08-03,summer,25-44,4
2024-08-03,summer,45-64,44
2024-08-03,summer,65-74,59
2024-08-03,summer,75-84,90
2024-08-03,summer,85+,143
2024-08-04,summer,0-24,1
2024-08-04,summer,25-44,7
2024-08-04,summer,45-64,38
2024-08-04,summer,65-74,46
2024-08-04,summer,75-84,83
2024-08-04,summer,85+,117
2024-08-05,summer,0-24,2
2024-08-05,summer,25-44,3
2024-08-05,summer,45-64,32
2024-08-05,summer,65-74,59
2024-08-05,summer,75-84,78
2024-08-05,summer,85+,125
2024-08-06,summer,0-24,2
2024-08-06,summer,25-44,3
2024-08-06,summer,45-64,35
2024-08-06,summer,65-74,39
2024-08-06,summer,75-84,74
2024-08-06,summer,85+,124
2024-08-07,summer,25-44,8
2024-08-07,summer,45-64,38
2024-08-07,summer,65-74,36
2024-08-07,summer,75-84,68
2024-08-07,summer,85+,108
2024-08-08,summer,25-44,5
2024-08-08,summer,45-64,35
2024-08-08,summer,65-74,46
2024-08-08,summer,75-84,83
2024-08-08,summer,85+,108
2024-08-09,summer,0-24,1
2024-08-09,summer,25-44,10
2024-08-09,summer,45-64,23
2024-08-09,summer,65-74,49
2024-08-09,summer,75-84,75
2024-08-09,summer,85+,111
2024-08-10,summer,0-24,6
2024-08-10,summer,25-44,6
2024-08-10,summer,45-64,33
2024-08-10,summer,65-74,49
2024-08-10,summer,75-84,77
2024-08-10,summer,85+,133
2024-08-11,summer,0-24,9
2024-08-11,summer,25-44,9
2024-08-11,summer,45-64,41
2024-08-11,summer,65-74,56
2024-08-11,summer,75-84,90
2024-08-11,summer,85+,124
2024-08-12,summer,0-24,2
2024-08-12,summer,25-44,7
2024-08-12,summer,45-64,29
2024-08-12,summer,65-74,61
2024-08-12,summer,75-84,83
2024-08-12,summer,85+,157
2024-08-13,summer,0-24,1
2024-08-13,summer,25-44,9
2024-08-13,summer,45-64,34
2024-08-13,summer,65-74,54
2024-08-13,summer,75-84,86
2024-08-13,summer,85+,141
2024-08-14,summer,0-24,2
2024-08-14,summer,25-44,7
2024-08-14,summer,45-64,39
2024-08-14,summer,65-74,61
2024-08-14,summer,75-84,75
2024-08-14,summer,85+,120
2024-08-15,summer,25-44,11
2024-08-15,summer,45-64,29
2024-08-15,summer,65-74,46
2024-08-15,summer,75-84,62
2024-08-15,summer,85+,120
2024-08-16,summer,0-24,6
2024-08-16,summer,25-44,4
2024-08-16,summer,45-64,37
2024-08-16,summer,65-74,45
2024-08-16,summer,75-84,62
2024-08-16,summer,85+,107
2024-08-17,summer,0-24,4
2024-08-17,summer,25-44,9
2024-08-17,summer,45-64,42
2024-08-17,summer,65-74,49
2024-08-17,summer,75-84,63
2024-08-17,summer,85+,110
2024-08-18,summer,25-44,9
2024-08-18,summer,45-64,30
2024-08-18,summer,65-74,51
2024-08-18,summer,75-84,61
2024-08-18,summer,85+,105
2024-08-19,summer,0-24,1
2024-08-19,summer,25-44,7
2024-08-19,summer,45-64,36
2024-08-19,summer,65-74,46
2024-08-19,summer,75-84,61
2024-08-19,summer,85+,114
2024-08-20,summer,25-44,5
2024-08-20,summer,45-64,31
2024-08-20,summer,65-74,51
2024-08-20,summer,75-84,69
2024-08-20,summer,85+,126
2024-08-21,summer,0-24,3
2024-08-21,summer,25-44,6
2024-08-21,summer,45-64,28
2024-08-21,summer,65-74,46
2024-08-21,summer,75-84,84
2024-08-21,summer,85+,117
2024-08-22,summer,0-24,4
2024-08-22,summer,25-44,5
2024-08-22,summer,45-64,38
2024-08-22,summer,65-74,51
2024-08-22,summer,75-84,81
2024-08-22,summer,85+,127
2024-08-23,summer,0-24,2
2024-08-23,summer,25-44,7
2024-08-23,summer,45-64,33
2024-08-23,summer,65-74,49
2024-08-23,summer,75-84,83
2024-08-23,summer,85+,122
2024-08-24,summer,0-24,3
2024-08-24,summer,25-44,2
2024-08-24,summer,45-64,25
2024-08-24,summer,65-74,40
2024-08-24,summer,75-84,71
2024-08-24,summer,85+,133
2024-08-25,summer,0-24,2
2024-08-25,summer,25-44,6
2024-08-25,summer,45-64,33
2024-08-25,summer,65-74,37
2024-08-25,summer,75-84,60
2024-08-25,summer,85+,125
2024-08-26,summer,25-44,2
2024-08-26,summer,45-64,31
2024-08-26,summer,65-74,48
2024-08-26,summer,75-84,63
2024-08-26,summer,85+,93
2024-08-27,summer,0-24,1
2024-08-27,summer,25-44,3
2024-08-27,summer,45-64,31
2024-08-27,summer,65-74,46
2024-08-27,summer,75-84,81
2024-08-27,summer,85+,118
2024-08-28,summer,0-24,5
2024-08-28,summer,25-44,10
2024-08-28,summer,45-64,35
2024-08-28,summer,65-74,44
2024-08-28,summer,75-84,69
2024-08-28,summer,85+,123
2024-08-29,summer,0-24,3
2024-08-29,summer,25-44,5
2024-08-29,summer,45-64,29
2024-08-29,summer,65-74,52
2024-08-29,summer,75-84,83
2024-08-29,summer,85+,123
2024-08-30,summer,0-24,3
2024-08-30,summer,25-44,2
2024-08-30,summer,45-64,41
2024-08-30,summer,65-74,50
2024-08-30,summer,75-84,58
2024-08-30,summer,85+,102
2024-08-31,summer,0-24,2
2024-08-31,summer,25-44,4
2024-08-31,summer,45-64,24
2024-08-31,summer,65-74,47
2024-08-31,summer,75-84,69
2024-08-31,summer,85+,110
2024-09-01,summer,0-24,1
2024-09-01,summer,25-44,10
2024-09-01,summer,45-64,41
2024-09-01,summer,65-74,66
2024-09-01,summer,75-84,96
2024-09-01,summer,85+,175
2024-09-02,summer,0-24,5
2024-09-02,summer,25-44,3
2024-09-02,summer,45-64,41
2024-09-02,summer,65-74,50
2024-09-02,summer,75-84,119
2024-09-02,summer,85+,171
2024-09-03,summer,0-24,6
2024-09-03,summer,25-44,9
2024-09-03,summer,45-64,34
2024-09-03,summer,65-74,41
2024-09-03,summer,75-84,92
2024-09-03,summer,85+,131
2024-09-04,summer,0-24,2
2024-09-04,summer,25-44,4
2024-09-04,summer,45-64,30
2024-09-04,summer,65-74,49
2024-09-04,summer,75-84,92
2024-09-04,summer,85+,135
2024-09-05,summer,0-24,1
2024-09-05,summer,25-44,6
2024-09-05,summer,45-64,30
2024-09-05,summer,65-74,48
2024-09-05,summer,75-84,89
2024-09-05,summer,85+,115
2024-09-06,summer,25-44,4
2024-09-06,summer,45-64,29
2024-09-06,summer,65-74,62
2024-09-06,summer,75-84,58
2024-09-06,summer,85+,87
2024-09-07,summer,0-24,4
2024-09-07,summer,25-44,3
2024-09-07,summer,45-64,31
2024-09-07,summer,65-74,48
2024-09-07,summer,75-84,70
2024-09-07,summer,85+,136
2024-09-08,summer,0-24,3
2024-09-08,summer,25-44,2
2024-09-08,summer,45-64,35
2024-09-08,summer,65-74,57
2024-09-08,summer,75-84,77
2024-09-08,summer,85+,124
2024-09-09,summer,0-24,1
2024-09-09,summer,25-44,8
2024-09-09,summer,45-64,24
2024-09-09,summer,65-74,32
2024-09-09,summer,75-84,70
2024-09-09,summer,85+,99
2024-09-10,summer,0-24,2
2024-09-10,summer,25-44,6
2024-09-10,summer,45-64,33
2024-09-10,summer,65-74,48
2024-09-10,summer,75-84,81
2024-09-10,summer,85+,128
2024-09-11,summer,0-24,1
2024-09-11,summer,25-44,9
2024-09-11,summer,45-64,26
2024-09-11,summer,65-74,52
2024-09-11,summer,75-84,73
2024-09-11,summer,85+,120
2024-09-12,summer,0-24,1
2024-09-12,summer,25-44,6
2024-09-12,summer,45-64,44
2024-09-12,summer,65-74,58
2024-09-12,summer,75-84,88
2024-09-12,summer,85+,138
2024-09-13,summer,0-24,2
2024-09-13,summer,25-44,6
2024-09-13,summer,45-64,29
2024-09-13,summer,65-74,59
2024-09-13,summer,75-84,81
2024-09-13,summer,85+,133
2024-09-14,summer,0-24,2
2024-09-14,summer,25-44,6
2024-09-14,summer,45-64,46
2024-09-14,summer,65-74,61
2024-09-14,summer,75-84,59
2024-09-14,summer,85+,122
2024-09-15,summer,25-44,4
2024-09-15,summer,45-64,29
2024-09-15,summer,65-74,52
2024-09-15,summer,75-84,60
2024-09-15,summer,85+,92
2024-09-16,summer,0-24,3
2024-09-16,summer,25-44,3
2024-09-16,summer,45-64,40
2024-09-16,summer,65-74,43
2024-09-16,summer,75-84,68
2024-09-16,summer,85+,112
2024-09-17,summer,0-24,4
2024-09-17,summer,25-44,7
2024-09-17,summer,45-64,34
2024-09-17,summer,65-74,41
2024-09-17,summer,75-84,79
2024-09-17,summer,85+,122
2024-09-18,summer,0-24,3
2024-09-18,summer,25-44,5
2024-09-18,summer,45-64,26
2024-09-18,summer,65-74,56
2024-09-18,summer,75-84,79
2024-09-18,summer,85+,116
2024-09-19,summer,0-24,1
2024-09-19,summer,25-44,6
2024-09-19,summer,45-64,29
2024-09-19,summer,65-74,55
2024-09-19,summer,75-84,92
2024-09-19,summer,85+,115
2024-09-20,summer,0-24,2
2024-09-20,summer,25-44,11
2024-09-20,summer,45-64,37
2024-09-20,summer,65-74,51
2024-09-20,summer,75-84,81
2024-09-20,summer,85+,140
2024-09-21,summer,0-24,1
2024-09-21,summer,25-44,10
2024-09-21,summer,45-64,27
2024-09-21,summer,65-74,40
2024-09-21,summer,75-84,79
2024-09-21,summer,85+,143
2024-09-22,summer,0-24,2
2024-09-22,summer,25-44,9
2024-09-22,summer,45-64,15
2024-09-22,summer,65-74,49
2024-09-22,summer,75-84,73
2024-09-22,summer,85+,129
2024-09-23,autumn,0-24,2
2024-09-23,autumn,25-44,4
2024-09-23,autumn,45-64,32
2024-09-23,autumn,65-74,38
2024-09-23,autumn,75-84,73
2024-09-23,autumn,85+,118
2024-09-24,autumn,0-24,2
2024-09-24,autumn,25-44,8
2024-09-24,autumn,45-64,30
2024-09-24,autumn,65-74,54
2024-09-24,autumn,75-84,79
2024-09-24,autumn,85+,134
2024-09-25,autumn,0-24,3
2024-09-25,autumn,25-44,2
2024-09-25,autumn,45-64,32
2024-09-25,autumn,65-74,59
2024-09-25,autumn,75-84,78
2024-09-25,autumn,85+,125
2024-09-26,autumn,0-24,1
2024-09-26,autumn,25-44,10
2024-09-26,autumn,45-64,39
2024-09-26,autumn,65-74,68
2024-09-26,autumn,75-84,79
2024-09-26,autumn,85+,136
2024-09-27,autumn,0-24,2
2024-09-27,autumn,25-44,4
2024-09-27,autumn,45-64,28
2024-09-27,autumn,65-74,46
2024-09-27,autumn,75-84,78
2024-09-27,autumn,85+,133
2024-09-28,autumn,0-24,5
2024-09-28,autumn,25-44,6
2024-09-28,autumn,45-64,38
2024-09-28,autumn,65-74,48
2024-09-28,autumn,75-84,63
2024-09-28,autumn,85+,139
2024-09-29,autumn,0-24,2
2024-09-29,autumn,25-44,6
2024-09-29,autumn,45-64,21
2024-09-29,autumn,65-74,49
2024-09-29,autumn,75-84,62
2024-09-29,autumn,85+,122
2024-09-30,autumn,0-24,2
2024-09-30,autumn,25-44,3
2024-09-30,autumn,45-64,31
2024-09-30,autumn,65-74,35
2024-09-30,autumn,75-84,89
2024-09-30,autumn,85+,115
2024-10-01,autumn,0-24,2
2024-10-01,autumn,25-44,6
2024-10-01,autumn,45-64,27
2024-10-01,autumn,65-74,68
2024-10-01,autumn,75-84,99
2024-10-01,autumn,85+,172
2024-10-02,autumn,0-24,4
2024-10-02,autumn,25-44,5
2024-10-02,autumn,45-64,34
2024-10-02,autumn,65-74,43
2024-10-02,autumn,75-84,81
2024-10-02,autumn,85+,175
2024-10-03,autumn,0-24,2
2024-10-03,autumn,25-44,3
2024-10-03,autumn,45-64,35
2024-10-03,autumn,65-74,50
2024-10-03,autumn,75-84,79
2024-10-03,autumn,85+,128
2024-10-04,autumn,0-24,3
2024-10-04,autumn,25-44,6
2024-10-04,autumn,45-64,38
2024-10-04,autumn,65-74,59
2024-10-04,autumn,75-84,71
2024-10-04,autumn,85+,144
2024-10-05,autumn,0-24,1
2024-10-05,autumn,25-44,10
2024-10-05,autumn,45-64,35
2024-10-05,autumn,65-74,44
2024-10-05,autumn,75-84,78
2024-10-05,autumn,85+,131
2024-10-06,autumn,0-24,3
2024-10-06,autumn,25-44,5
2024-10-06,autumn,45-64,37
2024-10-06,autumn,65-74,49
2024-10-06,autumn,75-84,62
2024-10-06,autumn,85+,112
2024-10-07,autumn,0-24,2
2024-10-07,autumn,25-44,4
2024-10-07,autumn,45-64,24
2024-10-07,autumn,65-74,41
2024-10-07,autumn,75-84,78
2024-10-07,autumn,85+,124
2024-10-08,autumn,0-24,3
2024-10-08,autumn,25-44,5
2024-10-08,autumn,45-64,35
2024-10-08,autumn,65-74,41
2024-10-08,autumn,75-84,68
2024-10-08,autumn,85+,118
2024-10-09,autumn,0-24,3
2024-10-09,autumn,25-44,2
2024-10-09,autumn,45-64,31
2024-10-09,autumn,65-74,42
2024-10-09,autumn,75-84,64
2024-10-09,autumn,85+,112
2024-10-10,autumn,0-24,1
2024-10-10,autumn,25-44,6
2024-10-10,autumn,45-64,37
2024-10-10,autumn,65-74,43
2024-10-10,autumn,75-84,85
2024-10-10,autumn,85+,154
2024-10-11,autumn,0-24,4
2024-10-11,autumn,25-44,8
2024-10-11,autumn,45-64,21
2024-10-11,autumn,65-74,35
2024-10-11,autumn,75-84,84
2024-10-11,autumn,85+,123
2024-10-12,autumn,0-24,2
2024-10-12,autumn,25-44,12
2024-10-12,autumn,45-64,29
2024-10-12,autumn,65-74,49
2024-10-12,autumn,75-84,95
2024-10-12,autumn,85+,133
2024-10-13,autumn,0-24,5
2024-10-13,autumn,25-44,9
2024-10-13,autumn,45-64,17
2024-10-13,autumn,65-74,51
2024-10-13,autumn,75-84,76
2024-10-13,autumn,85+,126
2024-10-14,autumn,0-24,1
2024-10-14,autumn,25-44,5
2024-10-14,autumn,45-64,32
2024-10-14,autumn,65-74,57
2024-10-14,autumn,75-84,76
2024-10-14,autumn,85+,140
2024-10-15,autumn,25-44,5
2024-10-15,autumn,45-64,34
2024-10-15,autumn,65-74,60
2024-10-15,autumn,75-84,75
2024-10-15,autumn,85+,137
2024-10-16,autumn,0-24,4
2024-10-16,autumn,25-44,10
2024-10-16,autumn,45-64,31
2024-10-16,autumn,65-74,61
2024-10-16,autumn,75-84,74
2024-10-16,autumn,85+,130
2024-10-17,autumn,0-24,3
2024-10-17,autumn,25-44,2
2024-10-17,autumn,45-64,36
2024-10-17,autumn,65-74,50
2024-10-17,autumn,75-84,89
2024-10-17,autumn,85+,149
2024-10-18,autumn,0-24,2
2024-10-18,autumn,25-44,6
2024-10-18,autumn,45-64,28
2024-10-18,autumn,65-74,45
2024-10-18,autumn,75-84,86
2024-10-18,autumn,85+,144
2024-10-19,autumn,0-24,2
2024-10-19,autumn,25-44,2
2024-10-19,autumn,45-64,28
2024-10-19,autumn,65-74,42
2024-10-19,autumn,75-84,78
2024-10-19,autumn,85+,135
2024-10-20,autumn,0-24,3
2024-10-20,autumn,25-44,5
2024-10-20,autumn,45-64,23
2024-10-20,autumn,65-74,26
2024-10-20,autumn,75-84,88
2024-10-20,autumn,85+,145
2024-10-21,autumn,0-24,1
2024-10-21,autumn,25-44,3
2024-10-21,autumn,45-64,33
2024-10-21,autumn,65-74,42
2024-10-21,autumn,75-84,66
2024-10-21,autumn,85+,117
2024-10-22,autumn,0-24,2
2024-10-22,autumn,25-44,5
2024-10-22,autumn,45-64,31
2024-10-22,autumn,65-74,39
2024-10-22,autumn,75-84,89
2024-10-22,autumn,85+,126
2024-10-23,autumn,0-24,1
2024-10-23,autumn,25-44,6
2024-10-23,autumn,45-64,30
2024-10-23,autumn,65-74,49
2024-10-23,autumn,75-84,91
2024-10-23,autumn,85+,143
2024-10-24,autumn,0-24,3
2024-10-24,autumn,25-44,3
2024-10-24,autumn,45-64,28
2024-10-24,autumn,65-74,62
2024-10-24,autumn,75-84,78
2024-10-24,autumn,85+,124
2024-10-25,autumn,0-24,2
2024-10-25,autumn,25-44,5
2024-10-25,autumn,45-64,31
2024-10-25,autumn,65-74,57
2024-10-25,autumn,75-84,89
2024-10-25,autumn,85+,151
2024-10-26,autumn,0-24,3
2024-10-26,autumn,25-44,6
2024-10-26,autumn,45-64,25
2024-10-26,autumn,65-74,54
2024-10-26,autumn,75-84,105
2024-10-26,autumn,85+,139
2024-10-27,autumn,0-24,3
2024-10-27,autumn,25-44,6
2024-10-27,autumn,45-64,34
2024-10-27,autumn,65-74,40
2024-10-27,autumn,75-84,78
2024-10-27,autumn,85+,138
2024-10-28,autumn,0-24,7
2024-10-28,autumn,25-44,1
2024-10-28,autumn,45-64,33
2024-10-28,autumn,65-74,48
2024-10-28,autumn,75-84,72
2024-10-28,autumn,85+,115
2024-10-29,autumn,25-44,6
2024-10-29,autumn,45-64,30
2024-10-29,autumn,65-74,45
2024-10-29,autumn,75-84,83
2024-10-29,autumn,85+,118
2024-10-30,autumn,0-24,2
2024-10-30,autumn,25-44,8
2024-10-30,autumn,45-64,29
2024-10-30,autumn,65-74,46
2024-10-30,autumn,75-84,86
2024-10-30,autumn,85+,146
2024-10-31,autumn,0-24,4
2024-10-31,autumn,25-44,7
2024-10-31,autumn,45-64,36
2024-10-31,autumn,65-74,56
2024-10-31,autumn,75-84,57
2024-10-31,autumn,85+,139
2024-11-01,autumn,0-24,4
2024-11-01,autumn,25-44,7
2024-11-01,autumn,45-64,23
2024-11-01,autumn,65-74,58
2024-11-01,autumn,75-84,113
2024-11-01,autumn,85+,150
2024-11-02,autumn,0-24,1
2024-11-02,autumn,25-44,5
2024-11-02,autumn,45-64,31
2024-11-02,autumn,65-74,49
2024-11-02,autumn,75-84,82
2024-11-02,autumn,85+,136
2024-11-03,autumn,0-24,1
2024-11-03,autumn,25-44,5
2024-11-03,autumn,45-64,36
2024-11-03,autumn,65-74,51
2024-11-03,autumn,75-84,78
2024-11-03,autumn,85+,125
2024-11-04,autumn,0-24,9
2024-11-04,autumn,25-44,6
2024-11-04,autumn,45-64,34
2024-11-04,autumn,65-74,55
2024-11-04,autumn,75-84,79
2024-11-04,autumn,85+,122
2024-11-05,autumn,0-24,3
2024-11-05,autumn,25-44,6
2024-11-05,autumn,45-64,21
2024-11-05,autumn,65-74,51
2024-11-05,autumn,75-84,74
2024-11-05,autumn,85+,110
2024-11-06,autumn,0-24,1
2024-11-06,autumn,25-44,4
2024-11-06,autumn,45-64,31
2024-11-06,autumn,65-74,50
2024-11-06,autumn,75-84,73
2024-11-06,autumn,85+,121
2024-11-07,autumn,0-24,2
2024-11-07,autumn,25-44,2
2024-11-07,autumn,45-64,23
2024-11-07,autumn,65-74,47
2024-11-07,autumn,75-84,78
2024-11-07,autumn,85+,133
2024-11-08,autumn,0-24,2
2024-11-08,autumn,25-44,5
2024-11-08,autumn,45-64,27
2024-11-08,autumn,65-74,48
2024-11-08,autumn,75-84,75
2024-11-08,autumn,85+,111
2024-11-09,autumn,0-24,4
2024-11-09,autumn,25-44,5
2024-11-09,autumn,45-64,29
2024-11-09,autumn,65-74,52
2024-11-09,autumn,75-84,70
2024-11-09,autumn,85+,101
2024-11-10,autumn,0-24,3
2024-11-10,autumn,25-44,7
2024-11-10,autumn,45-64,30
2024-11-10,autumn,65-74,48
2024-11-10,autumn,75-84,96
2024-11-10,autumn,85+,121
2024-11-11,autumn,0-24,1
2024-11-11,autumn,25-44,10
2024-11-11,autumn,45-64,32
2024-11-11,autumn,65-74,38
2024-11-11,autumn,75-84,83
2024-11-11,autumn,85+,137
2024-11-12,autumn,0-24,3
2024-11-12,autumn,25-44,3
2024-11-12,autumn,45-64,43
2024-11-12,autumn,65-74,73
2024-11-12,autumn,75-84,95
2024-11-12,autumn,85+,144
2024-11-13,autumn,0-24,7
2024-11-13,autumn,25-44,4
2024-11-13,autumn,45-64,29
2024-11-13,autumn,65-74,52
2024-11-13,autumn,75-84,89
2024-11-13,autumn,85+,141
2024-11-14,autumn,0-24,3
2024-11-14,autumn,25-44,2
2024-11-14,autumn,45-64,30
2024-11-14,autumn,65-74,50
2024-11-14,autumn,75-84,85
2024-11-14,autumn,85+,152
2024-11-15,autumn,0-24,3
2024-11-15,autumn,25-44,4
2024-11-15,autumn,45-64,38
2024-11-15,autumn,65-74,64
2024-11-15,autumn,75-84,97
2024-11-15,autumn,85+,140
2024-11-16,autumn,0-24,3
2024-11-16,autumn,25-44,4
2024-11-16,autumn,45-64,18
2024-11-16,autumn,65-74,36
2024-11-16,autumn,75-84,77
2024-11-16,autumn,85+,135
2024-11-17,autumn,0-24,1
2024-11-17,autumn,25-44,4
2024-11-17,autumn,45-64,32
2024-11-17,autumn,65-74,38
2024-11-17,autumn,75-84,79
2024-11-17,autumn,85+,143
2024-11-18,autumn,0-24,2
2024-11-18,autumn,25-44,7
2024-11-18,autumn,45-64,29
2024-11-18,autumn,65-74,50
2024-11-18,autumn,75-84,77
2024-11-18,autumn,85+,123
2024-11-19,autumn,0-24,5
2024-11-19,autumn,25-44,5
2024-11-19,autumn,45-64,33
2024-11-19,autumn,65-74,49
2024-11-19,autumn,75-84,74
2024-11-19,autumn,85+,154
2024-11-20,autumn,0-24,2
2024-11-20,autumn,25-44,12
2024-11-20,autumn,45-64,38
2024-11-20,autumn,65-74,60
2024-11-20,autumn,75-84,75
2024-11-20,autumn,85+,141
2024-11-21,autumn,0-24,2
2024-11-21,autumn,25-44,12
2024-11-21,autumn,45-64,37
2024-11-21,autumn,65-74,50
2024-11-21,autumn,75-84,88
2024-11-21,autumn,85+,126
2024-11-22,autumn,0-24,1
2024-11-22,autumn,25-44,3
2024-11-22,autumn,45-64,36
2024-11-22,autumn,65-74,59
2024-11-22,autumn,75-84,86
2024-11-22,autumn,85+,143
2024-11-23,autumn,0-24,3
2024-11-23,autumn,25-44,3
2024-11-23,autumn,45-64,40
2024-11-23,autumn,65-74,47
2024-11-23,autumn,75-84,68
2024-11-23,autumn,85+,147
2024-11-24,autumn,0-24,4
2024-11-24,autumn,25-44,8
2024-11-24,autumn,45-64,36
2024-11-24,autumn,65-74,46
2024-11-24,autumn,75-84,75
2024-11-24,autumn,85+,123
2024-11-25,autumn,0-24,2
2024-11-25,autumn,25-44,5
2024-11-25,autumn,45-64,26
2024-11-25,autumn,65-74,53
2024-11-25,autumn,75-84,95
2024-11-25,autumn,85+,152
2024-11-26,autumn,0-24,3
2024-11-26,autumn,25-44,4
2024-11-26,autumn,45-64,39
2024-11-26,autumn,65-74,60
2024-11-26,autumn,75-84,86
2024-11-26,autumn,85+,138
2024-11-27,autumn,0-24,2
2024-11-27,autumn,25-44,2
2024-11-27,autumn,45-64,39
2024-11-27,autumn,65-74,46
2024-11-27,autumn,75-84,91
2024-11-27,autumn,85+,140
2024-11-28,autumn,0-24,2
2024-11-28,autumn,25-44,11
2024-11-28,autumn,45-64,30
2024-11-28,autumn,65-74,55
2024-11-28,autumn,75-84,87
2024-11-28,autumn,85+,143
2024-11-29,autumn,0-24,2
2024-11-29,autumn,25-44,9
2024-11-29,autumn,45-64,37
2024-11-29,autumn,65-74,54
2024-11-29,autumn,75-84,76
2024-11-29,autumn,85+,146
2024-11-30,autumn,0-24,2
2024-11-30,autumn,25-44,3
2024-11-30,autumn,45-64,38
2024-11-30,autumn,65-74,48
2024-11-30,autumn,75-84,93
2024-11-30,autumn,85+,143
2024-12-01,autumn,0-24,3
2024-12-01,autumn,25-44,4
2024-12-01,autumn,45-64,37
2024-12-01,autumn,65-74,61
2024-12-01,autumn,75-84,106
2024-12-01,autumn,85+,161
2024-12-02,autumn,0-24,6
2024-12-02,autumn,25-44,7
2024-12-02,autumn,45-64,36
2024-12-02,autumn,65-74,55
2024-12-02,autumn,75-84,86
2024-12-02,autumn,85+,160
2024-12-03,autumn,0-24,6
2024-12-03,autumn,25-44,5
2024-12-03,autumn,45-64,41
2024-12-03,autumn,65-74,58
2024-12-03,autumn,75-84,83
2024-12-03,autumn,85+,152
2024-12-04,autumn,0-24,4
2024-12-04,autumn,25-44,6
2024-12-04,autumn,45-64,21
2024-12-04,autumn,65-74,58
2024-12-04,autumn,75-84,88
2024-12-04,autumn,85+,124
2024-12-05,autumn,0-24,3
2024-12-05,autumn,25-44,5
2024-12-05,autumn,45-64,24
2024-12-05,autumn,65-74,34
2024-12-05,autumn,75-84,67
2024-12-05,autumn,85+,114
2024-12-06,autumn,0-24,1
2024-12-06,autumn,25-44,3
2024-12-06,autumn,45-64,24
2024-12-06,autumn,65-74,41
2024-12-06,autumn,75-84,86
2024-12-06,autumn,85+,129
2024-12-07,autumn,0-24,7
2024-12-07,autumn,25-44,10
2024-12-07,autumn,45-64,30
2024-12-07,autumn,65-74,52
2024-12-07,autumn,75-84,88
2024-12-07,autumn,85+,107
2024-12-08,autumn,0-24,2
2024-12-08,autumn,25-44,4
2024-12-08,autumn,45-64,32
2024-12-08,autumn,65-74,61
2024-12-08,autumn,75-84,77
2024-12-08,autumn,85+,113
2024-12-09,autumn,25-44,6
2024-12-09,autumn,45-64,37
2024-12-09,autumn,65-74,53
2024-12-09,autumn,75-84,88
2024-12-09,autumn,85+,114
2024-12-10,autumn,25-44,7
2024-12-10,autumn,45-64,30
2024-12-10,autumn,65-74,52
2024-12-10,autumn,75-84,84
2024-12-10,autumn,85+,132
2024-12-11,autumn,0-24,1
2024-12-11,autumn,25-44,7
2024-12-11,autumn,45-64,32
2024-12-11,autumn,65-74,50
2024-12-11,autumn,75-84,63
2024-12-11,autumn,85+,112
2024-12-12,autumn,25-44,5
2024-12-12,autumn,45-64,32
2024-12-12,autumn,65-74,55
2024-12-12,autumn,75-84,99
2024-12-12,autumn,85+,171
2024-12-13,autumn,0-24,4
2024-12-13,autumn,25-44,5
2024-12-13,autumn,45-64,29
2024-12-13,autumn,65-74,51
2024-12-13,autumn,75-84,91
2024-12-13,autumn,85+,168
2024-12-14,autumn,0-24,3
2024-12-14,autumn,25-44,5
2024-12-14,autumn,45-64,38
2024-12-14,autumn,65-74,46
2024-12-14,autumn,75-84,78
2024-12-14,autumn,85+,133
2024-12-15,autumn,0-24,4
2024-12-15,autumn,25-44,4
2024-12-15,autumn,45-64,34
2024-12-15,autumn,65-74,45
2024-12-15,autumn,75-84,74
2024-12-15,autumn,85+,149
2024-12-16,autumn,0-24,2
2024-12-16,autumn,25-44,5
2024-12-16,autumn,45-64,36
2024-12-16,autumn,65-74,51
2024-12-16,autumn,75-84,93
2024-12-16,autumn,85+,147
2024-12-17,autumn,25-44,8
2024-12-17,autumn,45-64,45
2024-12-17,autumn,65-74,39
2024-12-17,autumn,75-84,101
2024-12-17,autumn,85+,167
2024-12-18,autumn,0-24,3
2024-12-18,autumn,25-44,5
2024-12-18,autumn,45-64,39
2024-12-18,autumn,65-74,55
2024-12-18,autumn,75-84,90
2024-12-18,autumn,85+,163
2024-12-19,autumn,0-24,5
2024-12-19,autumn,25-44,5
2024-12-19,autumn,45-64,40
2024-12-19,autumn,65-74,76
2024-12-19,autumn,75-84,105
2024-12-19,autumn,85+,176
2024-12-20,autumn,0-24,4
2024-12-20,autumn,25-44,3
2024-12-20,autumn,45-64,31
2024-12-20,autumn,65-74,47
2024-12-20,autumn,75-84,82
2024-12-20,autumn,85+,161
2024-12-21,winter,0-24,3
2024-12-21,winter,25-44,5
2024-12-21,winter,45-64,30
2024-12-21,winter,65-74,40
2024-12-21,winter,75-84,104
2024-12-21,winter,85+,168
2024-12-22,winter,0-24,3
2024-12-22,winter,25-44,6
2024-12-22,winter,45-64,29
2024-12-22,winter,65-74,42
2024-12-22,winter,75-84,88
2024-12-22,winter,85+,152
2024-12-23,winter,0-24,1
2024-12-23,winter,25-44,5
2024-12-23,winter,45-64,34
2024-12-23,winter,65-74,68
2024-12-23,winter,75-84,105
2024-12-23,winter,85+,160
2024-12-24,winter,0-24,1
2024-12-24,winter,25-44,8
2024-12-24,winter,45-64,26
2024-12-24,winter,65-74,54
2024-12-24,winter,75-84,93
2024-12-24,winter,85+,155
2024-12-25,winter,0-24,2
2024-12-25,winter,25-44,7
2024-12-25,winter,45-64,29
2024-12-25,winter,65-74,49
2024-12-25,winter,75-84,68
2024-12-25,winter,85+,163
2024-12-26,winter,0-24,5
2024-12-26,winter,25-44,7
2024-12-26,winter,45-64,30
2024-12-26,winter,65-74,55
2024-12-26,winter,75-84,90
2024-12-26,winter,85+,156
2024-12-27,winter,0-24,3
2024-12-27,winter,25-44,5
2024-12-27,winter,45-64,33
2024-12-27,winter,65-74,75
2024-12-27,winter,75-84,103
2024-12-27,winter,85+,150
2024-12-28,winter,0-24,1
2024-12-28,winter,25-44,3
2024-12-28,winter,45-64,35
2024-12-28,winter,65-74,41
2024-12-28,winter,75-84,89
2024-12-28,winter,85+,183
2024-12-29,winter,0-24,1
2024-12-29,winter,25-44,7
2024-12-29,winter,45-64,34
2024-12-29,winter,65-74,51
2024-12-29,winter,75-84,107
2024-12-29,winter,85+,149
2024-12-30,winter,0-24,2
2024-12-30,winter,25-44,3
2024-12-30,winter,45-64,52
2024-12-30,winter,65-74,52
2024-12-30,winter,75-84,86
2024-12-30,winter,85+,151
2024-12-31,winter,0-24,2
2024-12-31,winter,25-44,9
2024-12-31,winter,45-64,44
2024-12-31,winter,65-74,55
2024-12-31,winter,75-84,95
2024-12-31,winter,85+,177
2025-01-01,winter,0-24,1
2025-01-01,winter,25-44,7
2025-01-01,winter,45-64,33
2025-01-01,winter,65-74,46
2025-01-01,winter,75-84,94
2025-01-01,winter,85+,179
2025-01-02,winter,0-24,2
2025-01-02,winter,25-44,10
2025-01-02,winter,45-64,34
2025-01-02,winter,65-74,52
2025-01-02,winter,75-84,114
2025-01-02,winter,85+,207
2025-01-03,winter,0-24,3
2025-01-03,winter,25-44,8
2025-01-03,winter,45-64,44
2025-01-03,winter,65-74,47
2025-01-03,winter,75-84,94
2025-01-03,winter,85+,152
2025-01-04,winter,0-24,1
2025-01-04,winter,25-44,5
2025-01-04,winter,45-64,42
2025-01-04,winter,65-74,54
2025-01-04,winter,75-84,88
2025-01-04,winter,85+,141
2025-01-05,winter,0-24,3
2025-01-05,winter,25-44,2
2025-01-05,winter,45-64,27
2025-01-05,winter,65-74,49
2025-01-05,winter,75-84,71
2025-01-05,winter,85+,108
2025-01-06,winter,0-24,2
2025-01-06,winter,25-44,3
2025-01-06,winter,45-64,31
2025-01-06,winter,65-74,49
2025-01-06,winter,75-84,75
2025-01-06,winter,85+,103
2025-01-07,winter,0-24,4
2025-01-07,winter,25-44,7
2025-01-07,winter,45-64,37
2025-01-07,winter,65-74,47
2025-01-07,winter,75-84,70
2025-01-07,winter,85+,138
2025-01-08,winter,25-44,6
2025-01-08,winter,45-64,28
2025-01-08,winter,65-74,53
2025-01-08,winter,75-84,82
2025-01-08,winter,85+,107
2025-01-09,winter,0-24,4
2025-01-09,winter,25-44,7
2025-01-09,winter,45-64,36
2025-01-09,winter,65-74,37
2025-01-09,winter,75-84,75
2025-01-09,winter,85+,107
2025-01-10,winter,0-24,2
2025-01-10,winter,25-44,5
2025-01-10,winter,45-64,32
2025-01-10,winter,65-74,50
2025-01-10,winter,75-84,93
2025-01-10,winter,85+,138
2025-01-11,winter,0-24,2
2025-01-11,winter,25-44,6
2025-01-11,winter,45-64,31
2025-01-11,winter,65-74,45
2025-01-11,winter,75-84,78
2025-01-11,winter,85+,143
2025-01-12,winter,0-24,1
2025-01-12,winter,25-44,7
2025-01-12,winter,45-64,29
2025-01-12,winter,65-74,42
2025-01-12,winter,75-84,85
2025-01-12,winter,85+,124
2025-01-13,winter,0-24,2
2025-01-13,winter,25-44,3
2025-01-13,winter,45-64,34
2025-01-13,winter,65-74,86
2025-01-13,winter,75-84,80
2025-01-13,winter,85+,205
2025-01-14,winter,0-24,1
2025-01-14,winter,25-44,3
2025-01-14,winter,45-64,46
2025-01-14,winter,65-74,56
2025-01-14,winter,75-84,114
2025-01-14,winter,85+,210
2025-01-15,winter,0-24,1
2025-01-15,winter,25-44,9
2025-01-15,winter,45-64,31
2025-01-15,winter,65-74,45
2025-01-15,winter,75-84,108
2025-01-15,winter,85+,209
2025-01-16,winter,0-24,3
2025-01-16,winter,25-44,6
2025-01-16,winter,45-64,40
2025-01-16,winter,65-74,63
2025-01-16,winter,75-84,106
2025-01-16,winter,85+,185
2025-01-17,winter,25-44,7
2025-01-17,winter,45-64,41
2025-01-17,winter,65-74,56
2025-01-17,winter,75-84,103
2025-01-17,winter,85+,190
2025-01-18,winter,0-24,2
2025-01-18,winter,25-44,5
2025-01-18,winter,45-64,33
2025-01-18,winter,65-74,53
2025-01-18,winter,75-84,105
2025-01-18,winter,85+,170
2025-01-19,winter,0-24,3
2025-01-19,winter,25-44,2
2025-01-19,winter,45-64,45
2025-01-19,winter,65-74,49
2025-01-19,winter,75-84,104
2025-01-19,winter,85+,153
2025-01-20,winter,0-24,2
2025-01-20,winter,25-44,4
2025-01-20,winter,45-64,44
2025-01-20,winter,65-74,50
2025-01-20,winter,75-84,103
2025-01-20,winter,85+,162
2025-01-21,winter,0-24,5
2025-01-21,winter,25-44,10
2025-01-21,winter,45-64,42
2025-01-21,winter,65-74,71
2025-01-21,winter,75-84,91
2025-01-21,winter,85+,184
2025-01-22,winter,0-24,2
2025-01-22,winter,25-44,7
2025-01-22,winter,45-64,38
2025-01-22,winter,65-74,59
2025-01-22,winter,75-84,115
2025-01-22,winter,85+,210
2025-01-23,winter,0-24,3
2025-01-23,winter,25-44,7
2025-01-23,winter,45-64,51
2025-01-23,winter,65-74,77
2025-01-23,winter,75-84,117
2025-01-23,winter,85+,209
2025-01-24,winter,0-24,2
2025-01-24,winter,25-44,7
2025-01-24,winter,45-64,39
2025-01-24,winter,65-74,71
2025-01-24,winter,75-84,143
2025-01-24,winter,85+,202
2025-01-25,winter,25-44,3
2025-01-25,winter,45-64,42
2025-01-25,winter,65-74,64
2025-01-25,winter,75-84,97
2025-01-25,winter,85+,177
2025-01-26,winter,0-24,1
2025-01-26,winter,25-44,6
2025-01-26,winter,45-64,34
2025-01-26,winter,65-74,56
2025-01-26,winter,75-84,85
2025-01-26,winter,85+,156
2025-01-27,winter,0-24,1
2025-01-27,winter,25-44,8
2025-01-27,winter,45-64,38
2025-01-27,winter,65-74,67
2025-01-27,winter,75-84,112
2025-01-27,winter,85+,208
2025-01-28,winter,0-24,3
2025-01-28,winter,25-44,5
2025-01-28,winter,45-64,37
2025-01-28,winter,65-74,75
2025-01-28,winter,75-84,93
2025-01-28,winter,85+,200
2025-01-29,winter,0-24,2
2025-01-29,winter,25-44,6
2025-01-29,winter,45-64,40
2025-01-29,winter,65-74,58
2025-01-29,winter,75-84,109
2025-01-29,winter,85+,193
2025-01-30,winter,0-24,1
2025-01-30,winter,25-44,5
2025-01-30,winter,45-64,47
2025-01-30,winter,65-74,54
2025-01-30,winter,75-84,98
2025-01-30,winter,85+,181
2025-01-31,winter,0-24,3
2025-01-31,winter,25-44,8
2025-01-31,winter,45-64,36
2025-01-31,winter,65-74,54
2025-01-31,winter,75-84,110
2025-01-31,winter,85+,189
2025-02-01,winter,0-24,2
2025-02-01,winter,25-44,3
2025-02-01,winter,45-64,40
2025-02-01,winter,65-74,59
2025-02-01,winter,75-84,103
2025-02-01,winter,85+,187
2025-02-02,winter,0-24,2
2025-02-02,winter,25-44,10
2025-02-02,winter,45-64,46
2025-02-02,winter,65-74,50
2025-02-02,winter,75-84,94
2025-02-02,winter,85+,205
2025-02-03,winter,0-24,1
2025-02-03,winter,25-44,8
2025-02-03,winter,45-64,26
2025-02-03,winter,65-74,49
2025-02-03,winter,75-84,77
2025-02-03,winter,85+,139
2025-02-04,winter,0-24,3
2025-02-04,winter,25-44,2
2025-02-04,winter,45-64,48
2025-02-04,winter,65-74,50
2025-02-04,winter,75-84,85
2025-02-04,winter,85+,127
2025-02-05,winter,0-24,5
2025-02-05,winter,25-44,4
2025-02-05,winter,45-64,27
2025-02-05,winter,65-74,54
2025-02-05,winter,75-84,89
2025-02-05,winter,85+,121
2025-02-06,winter,0-24,1
2025-02-06,winter,25-44,5
2025-02-06,winter,45-64,29
2025-02-06,winter,65-74,47
2025-02-06,winter,75-84,73
2025-02-06,winter,85+,112
2025-02-07,winter,0-24,5
2025-02-07,winter,25-44,7
2025-02-07,winter,45-64,32
2025-02-07,winter,65-74,56
2025-02-07,winter,75-84,86
2025-02-07,winter,85+,134
2025-02-08,winter,0-24,2
2025-02-08,winter,25-44,6
2025-02-08,winter,45-64,26
2025-02-08,winter,65-74,37
2025-02-08,winter,75-84,85
2025-02-08,winter,85+,110
2025-02-09,winter,25-44,8
2025-02-09,winter,45-64,29
2025-02-09,winter,65-74,44
2025-02-09,winter,75-84,81
2025-02-09,winter,85+,122
2025-02-10,winter,0-24,1
2025-02-10,winter,25-44,6
2025-02-10,winter,45-64,27
2025-02-10,winter,65-74,53
2025-02-10,winter,75-84,78
2025-02-10,winter,85+,134
2025-02-11,winter,0-24,3
2025-02-11,winter,25-44,7
2025-02-11,winter,45-64,32
2025-02-11,winter,65-74,46
2025-02-11,winter,75-84,66
2025-02-11,winter,85+,141
2025-02-12,winter,0-24,1
2025-02-12,winter,25-44,9
2025-02-12,winter,45-64,28
2025-02-12,winter,65-74,39
2025-02-12,winter,75-84,89
2025-02-12,winter,85+,152
2025-02-13,winter,0-24,3
2025-02-13,winter,25-44,6
2025-02-13,winter,45-64,38
2025-02-13,winter,65-74,59
2025-02-13,winter,75-84,102
2025-02-13,winter,85+,185
2025-02-14,winter,0-24,2
2025-02-14,winter,25-44,6
2025-02-14,winter,45-64,31
2025-02-14,winter,65-74,49
2025-02-14,winter,75-84,101
2025-02-14,winter,85+,210
2025-02-15,winter,0-24,4
2025-02-15,winter,25-44,8
2025-02-15,winter,45-64,38
2025-02-15,winter,65-74,56
2025-02-15,winter,75-84,92
2025-02-15,winter,85+,180
2025-02-16,winter,0-24,3
2025-02-16,winter,25-44,5
2025-02-16,winter,45-64,32
2025-02-16,winter,65-74,39
2025-02-16,winter,75-84,78
2025-02-16,winter,85+,177
2025-02-17,winter,0-24,1
2025-02-17,winter,25-44,8
2025-02-17,winter,45-64,32
2025-02-17,winter,65-74,62
2025-02-17,winter,75-84,101
2025-02-17,winter,85+,177
2025-02-18,winter,0-24,3
2025-02-18,winter,25-44,4
2025-02-18,winter,45-64,33
2025-02-18,winter,65-74,46
2025-02-18,winter,75-84,112
2025-02-18,winter,85+,173
2025-02-19,winter,0-24,2
2025-02-19,winter,25-44,5
2025-02-19,winter,45-64,38
2025-02-19,winter,65-74,60
2025-02-19,winter,75-84,87
2025-02-19,winter,85+,170
2025-02-20,winter,0-24,2
2025-02-20,winter,25-44,2
2025-02-20,winter,45-64,31
2025-02-20,winter,65-74,64
2025-02-20,winter,75-84,95
2025-02-20,winter,85+,185
2025-02-21,winter,0-24,2
2025-02-21,winter,25-44,8
2025-02-21,winter,45-64,34
2025-02-21,winter,65-74,69
2025-02-21,winter,75-84,121
2025-02-21,winter,85+,217
2025-02-22,winter,0-24,1
2025-02-22,winter,25-44,6
2025-02-22,winter,45-64,21
2025-02-22,winter,65-74,55
2025-02-22,winter,75-84,77
2025-02-22,winter,85+,181
2025-02-23,winter,0-24,2
2025-02-23,winter,25-44,4
2025-02-23,winter,45-64,26
2025-02-23,winter,65-74,51
2025-02-23,winter,75-84,91
2025-02-23,winter,85+,170
2025-02-24,winter,0-24,3
2025-02-24,winter,25-44,6
2025-02-24,winter,45-64,30
2025-02-24,winter,65-74,67
2025-02-24,winter,75-84,86
2025-02-24,winter,85+,150
2025-02-25,winter,0-24,2
2025-02-25,winter,25-44,6
2025-02-25,winter,45-64,29
2025-02-25,winter,65-74,53
2025-02-25,winter,75-84,87
2025-02-25,winter,85+,167
2025-02-26,winter,0-24,1
2025-02-26,winter,25-44,3
2025-02-26,winter,45-64,34
2025-02-26,winter,65-74,64
2025-02-26,winter,75-84,90
2025-02-26,winter,85+,149
2025-02-27,winter,0-24,2
2025-02-27,winter,25-44,8
2025-02-27,winter,45-64,33
2025-02-27,winter,65-74,57
2025-02-27,winter,75-84,101
2025-02-27,winter,85+,141
2025-02-28,winter,0-24,3
2025-02-28,winter,25-44,11
2025-02-28,winter,45-64,36
2025-02-28,winter,65-74,53
2025-02-28,winter,75-84,91
2025-02-28,winter,85+,188
2025-03-01,winter,0-24,1
2025-03-01,winter,25-44,4
2025-03-01,winter,45-64,54
2025-03-01,winter,65-74,65
2025-03-01,winter,75-84,114
2025-03-01,winter,85+,205
2025-03-02,winter,0-24,3
2025-03-02,winter,25-44,7
2025-03-02,winter,45-64,38
2025-03-02,winter,65-74,69
2025-03-02,winter,75-84,109
2025-03-02,winter,85+,194
2025-03-03,winter,0-24,3
2025-03-03,winter,25-44,6
2025-03-03,winter,45-64,43
2025-03-03,winter,65-74,50
2025-03-03,winter,75-84,83
2025-03-03,winter,85+,135
2025-03-04,winter,0-24,3
2025-03-04,winter,25-44,5
2025-03-04,winter,45-64,26
2025-03-04,winter,65-74,56
2025-03-04,winter,75-84,83
2025-03-04,winter,85+,135
2025-03-05,winter,0-24,1
2025-03-05,winter,25-44,4
2025-03-05,winter,45-64,24
2025-03-05,winter,65-74,48
2025-03-05,winter,75-84,77
2025-03-05,winter,85+,148
2025-03-06,winter,0-24,2
2025-03-06,winter,25-44,7
2025-03-06,winter,45-64,40
2025-03-06,winter,65-74,55
2025-03-06,winter,75-84,64
2025-03-06,winter,85+,132
2025-03-07,winter,0-24,2
2025-03-07,winter,25-44,6
2025-03-07,winter,45-64,37
2025-03-07,winter,65-74,46
2025-03-07,winter,75-84,83
2025-03-07,winter,85+,115
2025-03-08,winter,0-24,3
2025-03-08,winter,25-44,5
2025-03-08,winter,45-64,35
2025-03-08,winter,65-74,38
2025-03-08,winter,75-84,64
2025-03-08,winter,85+,103
2025-03-09,winter,0-24,1
2025-03-09,winter,25-44,9
2025-03-09,winter,45-64,36
2025-03-09,winter,65-74,50
2025-03-09,winter,75-84,86
2025-03-09,winter,85+,112
2025-03-10,winter,0-24,1
2025-03-10,winter,25-44,10
2025-03-10,winter,45-64,33
2025-03-10,winter,65-74,56
2025-03-10,winter,75-84,95
2025-03-10,winter,85+,120
2025-03-11,winter,0-24,3
2025-03-11,winter,25-44,7
2025-03-11,winter,45-64,32
2025-03-11,winter,65-74,58
2025-03-11,winter,75-84,83
2025-03-11,winter,85+,126
2025-03-12,winter,25-44,8
2025-03-12,winter,45-64,33
2025-03-12,winter,65-74,45
2025-03-12,winter,75-84,91
2025-03-12,winter,85+,151
2025-03-13,winter,0-24,1
2025-03-13,winter,25-44,5
2025-03-13,winter,45-64,26
2025-03-13,winter,65-74,57
2025-03-13,winter,75-84,108
2025-03-13,winter,85+,161
2025-03-14,winter,0-24,4
2025-03-14,winter,25-44,5
2025-03-14,winter,45-64,38
2025-03-14,winter,65-74,42
2025-03-14,winter,75-84,92
2025-03-14,winter,85+,131
2025-03-15,winter,0-24,2
2025-03-15,winter,25-44,2
2025-03-15,winter,45-64,28
2025-03-15,winter,65-74,34
2025-03-15,winter,75-84,88
2025-03-15,winter,85+,141
2025-03-16,winter,0-24,1
2025-03-16,winter,25-44,7
2025-03-16,winter,45-64,26
2025-03-16,winter,65-74,43
2025-03-16,winter,75-84,72
2025-03-16,winter,85+,116
2025-03-17,winter,0-24,3
2025-03-17,winter,25-44,2
2025-03-17,winter,45-64,39
2025-03-17,winter,65-74,41
2025-03-17,winter,75-84,83
2025-03-17,winter,85+,135
2025-03-18,winter,0-24,1
2025-03-18,winter,25-44,5
2025-03-18,winter,45-64,42
2025-03-18,winter,65-74,62
2025-03-18,winter,75-84,79
2025-03-18,winter,85+,155
2025-03-19,winter,0-24,2
2025-03-19,winter,25-44,5
2025-03-19,winter,45-64,29
2025-03-19,winter,65-74,57
2025-03-19,winter,75-84,81
2025-03-19,winter,85+,167
2025-03-20,spring,0-24,1
2025-03-20,spring,25-44,3
2025-03-20,spring,45-64,35
2025-03-20,spring,65-74,52
2025-03-20,spring,75-84,83
2025-03-20,spring,85+,161
2025-03-21,spring,0-24,6
2025-03-21,spring,25-44,6
2025-03-21,spring,45-64,28
2025-03-21,spring,65-74,60
2025-03-21,spring,75-84,98
2025-03-21,spring,85+,156
2025-03-22,spring,0-24,3
2025-03-22,spring,25-44,4
2025-03-22,spring,45-64,32
2025-03-22,spring,65-74,60
2025-03-22,spring,75-84,84
2025-03-22,spring,85+,144
2025-03-23,spring,0-24,1
2025-03-23,spring,25-44,8
2025-03-23,spring,45-64,30
2025-03-23,spring,65-74,46
2025-03-23,spring,75-84,98
2025-03-23,spring,85+,151
2025-03-24,spring,25-44,4
2025-03-24,spring,45-64,24
2025-03-24,spring,65-74,39
2025-03-24,spring,75-84,67
2025-03-24,spring,85+,144
2025-03-25,spring,0-24,1
2025-03-25,spring,25-44,4
2025-03-25,spring,45-64,43
2025-03-25,spring,65-74,43
2025-03-25,spring,75-84,88
2025-03-25,spring,85+,148
2025-03-26,spring,0-24,1
2025-03-26,spring,25-44,1
2025-03-26,spring,45-64,30
2025-03-26,spring,65-74,49
2025-03-26,spring,75-84,93
2025-03-26,spring,85+,152
2025-03-27,spring,0-24,1
2025-03-27,spring,25-44,7
2025-03-27,spring,45-64,26
2025-03-27,spring,65-74,46
2025-03-27,spring,75-84,83
2025-03-27,spring,85+,157
2025-03-28,spring,0-24,3
2025-03-28,spring,25-44,2
2025-03-28,spring,45-64,36
2025-03-28,spring,65-74,44
2025-03-28,spring,75-84,82
2025-03-28,spring,85+,148
2025-03-29,spring,0-24,3
2025-03-29,spring,25-44,6
2025-03-29,spring,45-64,25
2025-03-29,spring,65-74,46
2025-03-29,spring,75-84,73
2025-03-29,spring,85+,152
2025-03-30,spring,0-24,4
2025-03-30,spring,25-44,7
2025-03-30,spring,45-64,26
2025-03-30,spring,65-74,37
2025-03-30,spring,75-84,67
2025-03-30,spring,85+,140
2025-03-31,spring,0-24,1
2025-03-31,spring,25-44,7
2025-03-31,spring,45-64,42
2025-03-31,spring,65-74,46
2025-03-31,spring,75-84,89
2025-03-31,spring,85+,124
2025-04-01,spring,0-24,5
2025-04-01,spring,25-44,5
2025-04-01,spring,45-64,40
2025-04-01,spring,65-74,44
2025-04-01,spring,75-84,75
2025-04-01,spring,85+,192
2025-04-02,spring,0-24,3
2025-04-02,spring,25-44,5
2025-04-02,spring,45-64,42
2025-04-02,spring,65-74,68
2025-04-02,spring,75-84,117
2025-04-02,spring,85+,183
2025-04-03,spring,0-24,1
2025-04-03,spring,25-44,7
2025-04-03,spring,45-64,32
2025-04-03,spring,65-74,51
2025-04-03,spring,75-84,83
2025-04-03,spring,85+,152
2025-04-04,spring,25-44,7
2025-04-04,spring,45-64,31
2025-04-04,spring,65-74,61
2025-04-04,spring,75-84,77
2025-04-04,spring,85+,130
2025-04-05,spring,0-24,2
2025-04-05,spring,25-44,3
2025-04-05,spring,45-64,29
2025-04-05,spring,65-74,41
2025-04-05,spring,75-84,64
2025-04-05,spring,85+,141
2025-04-06,spring,0-24,3
2025-04-06,spring,25-44,8
2025-04-06,spring,45-64,42
2025-04-06,spring,65-74,47
2025-04-06,spring,75-84,59
2025-04-06,spring,85+,154
2025-04-07,spring,0-24,3
2025-04-07,spring,25-44,13
2025-04-07,spring,45-64,27
2025-04-07,spring,65-74,55
2025-04-07,spring,75-84,65
2025-04-07,spring,85+,125
2025-04-08,spring,0-24,1
2025-04-08,spring,25-44,4
2025-04-08,spring,45-64,20
2025-04-08,spring,65-74,42
2025-04-08,spring,75-84,81
2025-04-08,spring,85+,124
2025-04-09,spring,25-44,5
2025-04-09,spring,45-64,33
2025-04-09,spring,65-74,52
2025-04-09,spring,75-84,80
2025-04-09,spring,85+,115
2025-04-10,spring,25-44,7
2025-04-10,spring,45-64,28
2025-04-10,spring,65-74,38
2025-04-10,spring,75-84,72
2025-04-10,spring,85+,121
2025-04-11,spring,0-24,2
2025-04-11,spring,25-44,5
2025-04-11,spring,45-64,24
2025-04-11,spring,65-74,59
2025-04-11,spring,75-84,110
2025-04-11,spring,85+,134
2025-04-12,spring,0-24,2
2025-04-12,spring,25-44,5
2025-04-12,spring,45-64,29
2025-04-12,spring,65-74,42
2025-04-12,spring,75-84,78
2025-04-12,spring,85+,144
2025-04-13,spring,25-44,3
2025-04-13,spring,45-64,30
2025-04-13,spring,65-74,45
2025-04-13,spring,75-84,67
2025-04-13,spring,85+,124
2025-04-14,spring,25-44,7
2025-04-14,spring,45-64,36
2025-04-14,spring,65-74,44
2025-04-14,spring,75-84,70
2025-04-14,spring,85+,124
2025-04-15,spring,0-24,3
2025-04-15,spring,25-44,2
2025-04-15,spring,45-64,29
2025-04-15,spring,65-74,50
2025-04-15,spring,75-84,90
2025-04-15,spring,85+,143
2025-04-16,spring,0-24,1
2025-04-16,spring,25-44,6
2025-04-16,spring,45-64,39
2025-04-16,spring,65-74,60
2025-04-16,spring,75-84,95
2025-04-16,spring,85+,128
2025-04-17,spring,25-44,3
2025-04-17,spring,45-64,29
2025-04-17,spring,65-74,58
2025-04-17,spring,75-84,78
2025-04-17,spring,85+,135
2025-04-18,spring,0-24,4
2025-04-18,spring,25-44,9
2025-04-18,spring,45-64,41
2025-04-18,spring,65-74,45
2025-04-18,spring,75-84,90
2025-04-18,spring,85+,134
2025-04-19,spring,0-24,3
2025-04-19,spring,25-44,12
2025-04-19,spring,45-64,36
2025-04-19,spring,65-74,42
2025-04-19,spring,75-84,81
2025-04-19,spring,85+,131
2025-04-20,spring,0-24,3
2025-04-20,spring,25-44,5
2025-04-20,spring,45-64,27
2025-04-20,spring,65-74,41
2025-04-20,spring,75-84,83
2025-04-20,spring,85+,119
2025-04-21,spring,0-24,1
2025-04-21,spring,25-44,8
2025-04-21,spring,45-64,28
2025-04-21,spring,65-74,46
2025-04-21,spring,75-84,80
2025-04-21,spring,85+,109
2025-04-22,spring,0-24,1
2025-04-22,spring,25-44,4
2025-04-22,spring,45-64,25
2025-04-22,spring,65-74,51
2025-04-22,spring,75-84,75
2025-04-22,spring,85+,133
2025-04-23,spring,0-24,1
2025-04-23,spring,25-44,11
2025-04-23,spring,45-64,26
2025-04-23,spring,65-74,42
2025-04-23,spring,75-84,75
2025-04-23,spring,85+,136
2025-04-24,spring,0-24,3
2025-04-24,spring,25-44,4
2025-04-24,spring,45-64,33
2025-04-24,spring,65-74,41
2025-04-24,spring,75-84,79
2025-04-24,spring,85+,150
2025-04-25,spring,0-24,3
2025-04-25,spring,25-44,6
2025-04-25,spring,45-64,32
2025-04-25,spring,65-74,48
2025-04-25,spring,75-84,88
2025-04-25,spring,85+,163
2025-04-26,spring,25-44,6
2025-04-26,spring,45-64,15
2025-04-26,spring,65-74,63
2025-04-26,spring,75-84,70
2025-04-26,spring,85+,125
2025-04-27,spring,25-44,6
2025-04-27,spring,45-64,35
2025-04-27,spring,65-74,49
2025-04-27,spring,75-84,74
2025-04-27,spring,85+,134
2025-04-28,spring,0-24,3
2025-04-28,spring,25-44,4
2025-04-28,spring,45-64,31
2025-04-28,spring,65-74,42
2025-04-28,spring,75-84,74
2025-04-28,spring,85+,138
2025-04-29,spring,0-24,4
2025-04-29,spring,25-44,7
2025-04-29,spring,45-64,35
2025-04-29,spring,65-74,47
2025-04-29,spring,75-84,86
2025-04-29,spring,85+,123
2025-04-30,spring,0-24,6
2025-04-30,spring,25-44,7
2025-04-30,spring,45-64,34
2025-04-30,spring,65-74,52
2025-04-30,spring,75-84,90
2025-04-30,spring,85+,124
2025-05-01,spring,25-44,7
2025-05-01,spring,45-64,41
2025-05-01,spring,65-74,71
2025-05-01,spring,75-84,97
2025-05-01,spring,85+,200
2025-05-02,spring,0-24,2
2025-05-02,spring,25-44,9
2025-05-02,spring,45-64,37
2025-05-02,spring,65-74,64
2025-05-02,spring,75-84,101
2025-05-02,spring,85+,176
2025-05-03,spring,0-24,2
2025-05-03,spring,25-44,6
2025-05-03,spring,45-64,32
2025-05-03,spring,65-74,59
2025-05-03,spring,75-84,93
2025-05-03,spring,85+,150
2025-05-04,spring,0-24,3
2025-05-04,spring,25-44,6
2025-05-04,spring,45-64,33
2025-05-04,spring,65-74,49
2025-05-04,spring,75-84,81
2025-05-04,spring,85+,134
2025-05-05,spring,0-24,1
2025-05-05,spring,25-44,11
2025-05-05,spring,45-64,34
2025-05-05,spring,65-74,44
2025-05-05,spring,75-84,63
2025-05-05,spring,85+,121
2025-05-06,spring,0-24,1
2025-05-06,spring,25-44,4
2025-05-06,spring,45-64,33
2025-05-06,spring,65-74,31
2025-05-06,spring,75-84,83
2025-05-06,spring,85+,120
2025-05-07,spring,0-24,3
2025-05-07,spring,25-44,5
2025-05-07,spring,45-64,25
2025-05-07,spring,65-74,34
2025-05-07,spring,75-84,77
2025-05-07,spring,85+,115
2025-05-08,spring,0-24,2
2025-05-08,spring,25-44,3
2025-05-08,spring,45-64,24
2025-05-08,spring,65-74,54
2025-05-08,spring,75-84,66
2025-05-08,spring,85+,131
2025-05-09,spring,0-24,1
2025-05-09,spring,25-44,7
2025-05-09,spring,45-64,34
2025-05-09,spring,65-74,48
2025-05-09,spring,75-84,70
2025-05-09,spring,85+,139
2025-05-10,spring,0-24,4
2025-05-10,spring,25-44,6
2025-05-10,spring,45-64,24
2025-05-10,spring,65-74,36
2025-05-10,spring,75-84,87
2025-05-10,spring,85+,104
2025-05-11,spring,0-24,3
2025-05-11,spring,25-44,4
2025-05-11,spring,45-64,23
2025-05-11,spring,65-74,50
2025-05-11,spring,75-84,70
2025-05-11,spring,85+,130
2025-05-12,spring,0-24,2
2025-05-12,spring,25-44,7
2025-05-12,spring,45-64,46
2025-05-12,spring,65-74,39
2025-05-12,spring,75-84,78
2025-05-12,spring,85+,161
2025-05-13,spring,0-24,2
2025-05-13,spring,25-44,9
2025-05-13,spring,45-64,26
2025-05-13,spring,65-74,54
2025-05-13,spring,75-84,75
2025-05-13,spring,85+,140
2025-05-14,spring,0-24,2
2025-05-14,spring,25-44,11
2025-05-14,spring,45-64,28
2025-05-14,spring,65-74,51
2025-05-14,spring,75-84,78
2025-05-14,spring,85+,138
2025-05-15,spring,0-24,2
2025-05-15,spring,25-44,5
2025-05-15,spring,45-64,32
2025-05-15,spring,65-74,49
2025-05-15,spring,75-84,75
2025-05-15,spring,85+,117
2025-05-16,spring,25-44,2
2025-05-16,spring,45-64,37
2025-05-16,spring,65-74,59
2025-05-16,spring,75-84,76
2025-05-16,spring,85+,135
2025-05-17,spring,0-24,3
2025-05-17,spring,25-44,2
2025-05-17,spring,45-64,32
2025-05-17,spring,65-74,45
2025-05-17,spring,75-84,85
2025-05-17,spring,85+,119
2025-05-18,spring,0-24,1
2025-05-18,spring,25-44,7
2025-05-18,spring,45-64,18
2025-05-18,spring,65-74,45
2025-05-18,spring,75-84,62
2025-05-18,spring,85+,114
2025-05-19,spring,0-24,2
2025-05-19,spring,25-44,10
2025-05-19,spring,45-64,24
2025-05-19,spring,65-74,53
2025-05-19,spring,75-84,73
2025-05-19,spring,85+,121
2025-05-20,spring,0-24,2
2025-05-20,spring,25-44,5
2025-05-20,spring,45-64,30
2025-05-20,spring,65-74,64
2025-05-20,spring,75-84,84
2025-05-20,spring,85+,139
2025-05-21,spring,0-24,2
2025-05-21,spring,25-44,8
2025-05-21,spring,45-64,33
2025-05-21,spring,65-74,49
2025-05-21,spring,75-84,90
2025-05-21,spring,85+,136
2025-05-22,spring,25-44,5
2025-05-22,spring,45-64,25
2025-05-22,spring,65-74,46
2025-05-22,spring,75-84,74
2025-05-22,spring,85+,125
2025-05-23,spring,0-24,2
2025-05-23,spring,25-44,8
2025-05-23,spring,45-64,29
2025-05-23,spring,65-74,58
2025-05-23,spring,75-84,91
2025-05-23,spring,85+,129
2025-05-24,spring,25-44,5
2025-05-24,spring,45-64,26
2025-05-24,spring,65-74,35
2025-05-24,spring,75-84,95
2025-05-24,spring,85+,128
2025-05-25,spring,0-24,1
2025-05-25,spring,25-44,5
2025-05-25,spring,45-64,28
2025-05-25,spring,65-74,38
2025-05-25,spring,75-84,82
2025-05-25,spring,85+,102
2025-05-26,spring,0-24,1
2025-05-26,spring,25-44,5
2025-05-26,spring,45-64,33
2025-05-26,spring,65-74,60
2025-05-26,spring,75-84,84
2025-05-26,spring,85+,112
2025-05-27,spring,0-24,2
2025-05-27,spring,25-44,3
2025-05-27,spring,45-64,35
2025-05-27,spring,65-74,55
2025-05-27,spring,75-84,77
2025-05-27,spring,85+,130
2025-05-28,spring,0-24,2
2025-05-28,spring,25-44,10
2025-05-28,spring,45-64,26
2025-05-28,spring,65-74,54
2025-05-28,spring,75-84,94
2025-05-28,spring,85+,132
2025-05-29,spring,0-24,3
2025-05-29,spring,25-44,8
2025-05-29,spring,45-64,28
2025-05-29,spring,65-74,42
2025-05-29,spring,75-84,73
2025-05-29,spring,85+,113
2025-05-30,spring,0-24,2
2025-05-30,spring,25-44,5
2025-05-30,spring,45-64,27
2025-05-30,spring,65-74,46
2025-05-30,spring,75-84,78
2025-05-30,spring,85+,126
2025-05-31,spring,0-24,2
2025-05-31,spring,25-44,10
2025-05-31,spring,45-64,30
2025-05-31,spring,65-74,41
2025-05-31,spring,75-84,61
2025-05-31,spring,85+,128
2025-06-01,spring,0-24,1
2025-06-01,spring,25-44,10
2025-06-01,spring,45-64,42
2025-06-01,spring,65-74,62
2025-06-01,spring,75-84,117
2025-06-01,spring,85+,180
2025-06-02,spring,0-24,4
2025-06-02,spring,25-44,5
2025-06-02,spring,45-64,47
2025-06-02,spring,65-74,54
2025-06-02,spring,75-84,83
2025-06-02,spring,85+,199
2025-06-03,spring,0-24,1
2025-06-03,spring,25-44,7
2025-06-03,spring,45-64,42
2025-06-03,spring,65-74,53
2025-06-03,spring,75-84,100
2025-06-03,spring,85+,170
2025-06-04,spring,0-24,1
2025-06-04,spring,25-44,7
2025-06-04,spring,45-64,28
2025-06-04,spring,65-74,43
2025-06-04,spring,75-84,81
2025-06-04,spring,85+,126
2025-06-05,spring,0-24,2
2025-06-05,spring,25-44,5
2025-06-05,spring,45-64,34
2025-06-05,spring,65-74,42
2025-06-05,spring,75-84,73
2025-06-05,spring,85+,122
2025-06-06,spring,0-24,3
2025-06-06,spring,25-44,5
2025-06-06,spring,45-64,30
2025-06-06,spring,65-74,46
2025-06-06,spring,75-84,78
2025-06-06,spring,85+,119
2025-06-07,spring,0-24,2
2025-06-07,spring,25-44,10
2025-06-07,spring,45-64,19
2025-06-07,spring,65-74,39
2025-06-07,spring,75-84,75
2025-06-07,spring,85+,116
2025-06-08,spring,25-44,8
2025-06-08,spring,45-64,27
2025-06-08,spring,65-74,47
2025-06-08,spring,75-84,62
2025-06-08,spring,85+,108
2025-06-09,spring,0-24,2
2025-06-09,spring,25-44,9
2025-06-09,spring,45-64,34
2025-06-09,spring,65-74,32
2025-06-09,spring,75-84,87
2025-06-09,spring,85+,127
2025-06-10,spring,0-24,1
2025-06-10,spring,25-44,6
2025-06-10,spring,45-64,32
2025-06-10,spring,65-74,39
2025-06-10,spring,75-84,67
2025-06-10,spring,85+,106
2025-06-11,spring,0-24,3
2025-06-11,spring,25-44,9
2025-06-11,spring,45-64,35
2025-06-11,spring,65-74,74
2025-06-11,spring,75-84,75
2025-06-11,spring,85+,137
2025-06-12,spring,0-24,2
2025-06-12,spring,25-44,2
2025-06-12,spring,45-64,26
2025-06-12,spring,65-74,49
2025-06-12,spring,75-84,74
2025-06-12,spring,85+,123
2025-06-13,spring,0-24,1
2025-06-13,spring,25-44,9
2025-06-13,spring,45-64,40
2025-06-13,spring,65-74,56
2025-06-13,spring,75-84,89
2025-06-13,spring,85+,138
2025-06-14,spring,0-24,1
2025-06-14,spring,25-44,7
2025-06-14,spring,45-64,23
2025-06-14,spring,65-74,48
2025-06-14,spring,75-84,54
2025-06-14,spring,85+,106
2025-06-15,spring,0-24,5
2025-06-15,spring,25-44,7
2025-06-15,spring,45-64,32
2025-06-15,spring,65-74,39
2025-06-15,spring,75-84,67
2025-06-15,spring,85+,95
2025-06-16,spring,0-24,1
2025-06-16,spring,25-44,4
2025-06-16,spring,45-64,19
2025-06-16,spring,65-74,47
2025-06-16,spring,75-84,79
2025-06-16,spring,85+,90
2025-06-17,spring,0-24,1
2025-06-17,spring,25-44,5
2025-06-17,spring,45-64,41
2025-06-17,spring,65-74,64
2025-06-17,spring,75-84,65
2025-06-17,spring,85+,118
2025-06-18,spring,0-24,3
2025-06-18,spring,25-44,6
2025-06-18,spring,45-64,39
2025-06-18,spring,65-74,56
2025-06-18,spring,75-84,87
2025-06-18,spring,85+,149
2025-06-19,spring,25-44,7
2025-06-19,spring,45-64,34
2025-06-19,spring,65-74,50
2025-06-19,spring,75-84,71
2025-06-19,spring,85+,114
2025-06-20,spring,0-24,3
2025-06-20,spring,25-44,8
2025-06-20,spring,45-64,34
2025-06-20,spring,65-74,52
2025-06-20,spring,75-84,74
2025-06-20,spring,85+,133
2025-06-21,summer,0-24,2
2025-06-21,summer,25-44,7
2025-06-21,summer,45-64,25
2025-06-21,summer,65-74,46
2025-06-21,summer,75-84,64
2025-06-21,summer,85+,150
2025-06-22,summer,0-24,4
2025-06-22,summer,25-44,6
2025-06-22,summer,45-64,24
2025-06-22,summer,65-74,57
2025-06-22,summer,75-84,68
2025-06-22,summer,85+,115
2025-06-23,summer,0-24,3
2025-06-23,summer,25-44,11
2025-06-23,summer,45-64,33
2025-06-23,summer,65-74,61
2025-06-23,summer,75-84,80
2025-06-23,summer,85+,104
2025-06-24,summer,0-24,1
2025-06-24,summer,25-44,6
2025-06-24,summer,45-64,33
2025-06-24,summer,65-74,31
2025-06-24,summer,75-84,77
2025-06-24,summer,85+,117
2025-06-25,summer,0-24,2
2025-06-25,summer,25-44,4
2025-06-25,summer,45-64,32
2025-06-25,summer,65-74,60
2025-06-25,summer,75-84,85
2025-06-25,summer,85+,129
2025-06-26,summer,0-24,3
2025-06-26,summer,25-44,5
2025-06-26,summer,45-64,41
2025-06-26,summer,65-74,51
2025-06-26,summer,75-84,85
2025-06-26,summer,85+,127
2025-06-27,summer,0-24,3
2025-06-27,summer,25-44,4
2025-06-27,summer,45-64,36
2025-06-27,summer,65-74,52
2025-06-27,summer,75-84,73
2025-06-27,summer,85+,114
2025-06-28,summer,0-24,6
2025-06-28,summer,25-44,7
2025-06-28,summer,45-64,21
2025-06-28,summer,65-74,49
2025-06-28,summer,75-84,80
2025-06-28,summer,85+,104
2025-06-29,summer,0-24,5
2025-06-29,summer,25-44,8
2025-06-29,summer,45-64,24
2025-06-29,summer,65-74,35
2025-06-29,summer,75-84,67
2025-06-29,summer,85+,88
2025-06-30,summer,0-24,1
2025-06-30,summer,25-44,3
2025-06-30,summer,45-64,36
2025-06-30,summer,65-74,41
2025-06-30,summer,75-84,73
2025-06-30,summer,85+,105
2025-07-01,summer,0-24,3
2025-07-01,summer,25-44,3
2025-07-01,summer,45-64,35
2025-07-01,summer,65-74,71
2025-07-01,summer,75-84,90
2025-07-01,summer,85+,197
2025-07-02,summer,0-24,2
2025-07-02,summer,25-44,7
2025-07-02,summer,45-64,32
2025-07-02,summer,65-74,61
2025-07-02,summer,75-84,95
2025-07-02,summer,85+,183
2025-07-03,summer,25-44,8
2025-07-03,summer,45-64,47
2025-07-03,summer,65-74,58
2025-07-03,summer,75-84,103
2025-07-03,summer,85+,158
2025-07-04,summer,0-24,3
2025-07-04,summer,25-44,8
2025-07-04,summer,45-64,31
2025-07-04,summer,65-74,47
2025-07-04,summer,75-84,93
2025-07-04,summer,85+,132
2025-07-05,summer,0-24,4
2025-07-05,summer,25-44,9
2025-07-05,summer,45-64,20
2025-07-05,summer,65-74,56
2025-07-05,summer,75-84,59
2025-07-05,summer,85+,130
2025-07-06,summer,0-24,3
2025-07-06,summer,25-44,5
2025-07-06,summer,45-64,23
2025-07-06,summer,65-74,39
2025-07-06,summer,75-84,63
2025-07-06,summer,85+,106
2025-07-07,summer,0-24,2
2025-07-07,summer,25-44,4
2025-07-07,summer,45-64,25
2025-07-07,summer,65-74,44
2025-07-07,summer,75-84,72
2025-07-07,summer,85+,109
2025-07-08,summer,25-44,8
2025-07-08,summer,45-64,33
2025-07-08,summer,65-74,66
2025-07-08,summer,75-84,82
2025-07-08,summer,85+,113
2025-07-09,summer,0-24,2
2025-07-09,summer,25-44,7
2025-07-09,summer,45-64,27
2025-07-09,summer,65-74,30
2025-07-09,summer,75-84,66
2025-07-09,summer,85+,111
2025-07-10,summer,25-44,7
2025-07-10,summer,45-64,33
2025-07-10,summer,65-74,45
2025-07-10,summer,75-84,87
2025-07-10,summer,85+,144
2025-07-11,summer,0-24,4
2025-07-11,summer,25-44,8
2025-07-11,summer,45-64,28
2025-07-11,summer,65-74,57
2025-07-11,summer,75-84,92
2025-07-11,summer,85+,127
2025-07-12,summer,0-24,2
2025-07-12,summer,25-44,5
2025-07-12,summer,45-64,30
2025-07-12,summer,65-74,45
2025-07-12,summer,75-84,78
2025-07-12,summer,85+,126
2025-07-13,summer,0-24,2
2025-07-13,summer,25-44,5
2025-07-13,summer,45-64,28
2025-07-13,summer,65-74,48
2025-07-13,summer,75-84,67
2025-07-13,summer,85+,112
2025-07-14,summer,0-24,4
2025-07-14,summer,25-44,6
2025-07-14,summer,45-64,30
2025-07-14,summer,65-74,39
2025-07-14,summer,75-84,56
2025-07-14,summer,85+,104
2025-07-15,summer,0-24,3
2025-07-15,summer,25-44,8
2025-07-15,summer,45-64,31
2025-07-15,summer,65-74,49
2025-07-15,summer,75-84,97
2025-07-15,summer,85+,96
2025-07-16,summer,25-44,7
2025-07-16,summer,45-64,39
2025-07-16,summer,65-74,53
2025-07-16,summer,75-84,73
2025-07-16,summer,85+,114
2025-07-17,summer,0-24,6
2025-07-17,summer,25-44,4
2025-07-17,summer,45-64,34
2025-07-17,summer,65-74,60
2025-07-17,summer,75-84,68
2025-07-17,summer,85+,128
2025-07-18,summer,0-24,3
2025-07-18,summer,25-44,4
2025-07-18,summer,45-64,28
2025-07-18,summer,65-74,41
2025-07-18,summer,75-84,62
2025-07-18,summer,85+,129
2025-07-19,summer,0-24,2
2025-07-19,summer,25-44,8
2025-07-19,summer,45-64,29
2025-07-19,summer,65-74,49
2025-07-19,summer,75-84,54
2025-07-19,summer,85+,128
2025-07-20,summer,0-24,1
2025-07-20,summer,25-44,9
2025-07-20,summer,45-64,28
2025-07-20,summer,65-74,45
2025-07-20,summer,75-84,67
2025-07-20,summer,85+,113
2025-07-21,summer,0-24,1
2025-07-21,summer,25-44,8
2025-07-21,summer,45-64,32
2025-07-21,summer,65-74,33
2025-07-21,summer,75-84,83
2025-07-21,summer,85+,126
2025-07-22,summer,0-24,2
2025-07-22,summer,25-44,2
2025-07-22,summer,45-64,40
2025-07-22,summer,65-74,55
2025-07-22,summer,75-84,64
2025-07-22,summer,85+,93
2025-07-23,summer,0-24,3
2025-07-23,summer,25-44,9
2025-07-23,summer,45-64,39
2025-07-23,summer,65-74,48
2025-07-23,summer,75-84,77
2025-07-23,summer,85+,118
2025-07-24,summer,0-24,1
2025-07-24,summer,25-44,2
2025-07-24,summer,45-64,26
2025-07-24,summer,65-74,42
2025-07-24,summer,75-84,82
2025-07-24,summer,85+,119
2025-07-25,summer,0-24,1
2025-07-25,summer,25-44,9
2025-07-25,summer,45-64,35
2025-07-25,summer,65-74,52
2025-07-25,summer,75-84,75
2025-07-25,summer,85+,120
2025-07-26,summer,25-44,3
2025-07-26,summer,45-64,30
2025-07-26,summer,65-74,41
2025-07-26,summer,75-84,71
2025-07-26,summer,85+,105
2025-07-27,summer,25-44,6
2025-07-27,summer,45-64,39
2025-07-27,summer,65-74,34
2025-07-27,summer,75-84,62
2025-07-27,summer,85+,107
2025-07-28,summer,0-24,1
2025-07-28,summer,25-44,6
2025-07-28,summer,45-64,25
2025-07-28,summer,65-74,40
2025-07-28,summer,75-84,76
2025-07-28,summer,85+,106
2025-07-29,summer,0-24,1
2025-07-29,summer,25-44,7
2025-07-29,summer,45-64,35
2025-07-29,summer,65-74,51
2025-07-29,summer,75-84,74
2025-07-29,summer,85+,114
2025-07-30,summer,0-24,3
2025-07-30,summer,25-44,4
2025-07-30,summer,45-64,33
2025-07-30,summer,65-74,47
2025-07-30,summer,75-84,72
2025-07-30,summer,85+,133
2025-07-31,summer,0-24,1
2025-07-31,summer,25-44,5
2025-07-31,summer,45-64,28
2025-07-31,summer,65-74,51
2025-07-31,summer,75-84,69
2025-07-31,summer,85+,118
2025-08-01,summer,0-24,3
2025-08-01,summer,25-44,8
2025-08-01,summer,45-64,35
2025-08-01,summer,65-74,78
2025-08-01,summer,75-84,111
2025-08-01,summer,85+,170
2025-08-02,summer,0-24,4
2025-08-02,summer,25-44,7
2025-08-02,summer,45-64,29
2025-08-02,summer,65-74,57
2025-08-02,summer,75-84,87
2025-08-02,summer,85+,187
2025-08-03,summer,0-24,3
2025-08-03,summer,25-44,6
2025-08-03,summer,45-64,29
2025-08-03,summer,65-74,57
2025-08-03,summer,75-84,86
2025-08-03,summer,85+,160
2025-08-04,summer,0-24,3
2025-08-04,summer,25-44,8
2025-08-04,summer,45-64,33
2025-08-04,summer,65-74,51
2025-08-04,summer,75-84,70
2025-08-04,summer,85+,132
2025-08-05,summer,0-24,2
2025-08-05,summer,25-44,5
2025-08-05,summer,45-64,35
2025-08-05,summer,65-74,50
2025-08-05,summer,75-84,95
2025-08-05,summer,85+,132
2025-08-06,summer,0-24,1
2025-08-06,summer,25-44,5
2025-08-06,summer,45-64,31
2025-08-06,summer,65-74,32
2025-08-06,summer,75-84,61
2025-08-06,summer,85+,98
2025-08-07,summer,0-24,2
2025-08-07,summer,25-44,7
2025-08-07,summer,45-64,30
2025-08-07,summer,65-74,44
2025-08-07,summer,75-84,83
2025-08-07,summer,85+,102
2025-08-08,summer,0-24,3
2025-08-08,summer,25-44,4
2025-08-08,summer,45-64,34
2025-08-08,summer,65-74,39
2025-08-08,summer,75-84,71
2025-08-08,summer,85+,135
2025-08-09,summer,25-44,7
2025-08-09,summer,45-64,41
2025-08-09,summer,65-74,48
2025-08-09,summer,75-84,57
2025-08-09,summer,85+,107
2025-08-10,summer,0-24,4
2025-08-10,summer,25-44,4
2025-08-10,summer,45-64,30
2025-08-10,summer,65-74,41
2025-08-10,summer,75-84,80
2025-08-10,summer,85+,150
2025-08-11,summer,0-24,1
2025-08-11,summer,25-44,3
2025-08-11,summer,45-64,29
2025-08-11,summer,65-74,40
2025-08-11,summer,75-84,83
2025-08-11,summer,85+,123
2025-08-12,summer,0-24,1
2025-08-12,summer,25-44,10
2025-08-12,summer,45-64,32
2025-08-12,summer,65-74,60
2025-08-12,summer,75-84,82
2025-08-12,summer,85+,139
2025-08-13,summer,0-24,2
2025-08-13,summer,25-44,4
2025-08-13,summer,45-64,36
2025-08-13,summer,65-74,50
2025-08-13,summer,75-84,80
2025-08-13,summer,85+,148
2025-08-14,summer,0-24,2
2025-08-14,summer,25-44,10
2025-08-14,summer,45-64,33
2025-08-14,summer,65-74,50
2025-08-14,summer,75-84,82
2025-08-14,summer,85+,145
2025-08-15,summer,0-24,2
2025-08-15,summer,25-44,5
2025-08-15,summer,45-64,22
2025-08-15,summer,65-74,56
2025-08-15,summer,75-84,81
2025-08-15,summer,85+,128
2025-08-16,summer,0-24,1
2025-08-16,summer,25-44,9
2025-08-16,summer,45-64,27
2025-08-16,summer,65-74,39
2025-08-16,summer,75-84,68
2025-08-16,summer,85+,117
2025-08-17,summer,0-24,3
2025-08-17,summer,25-44,5
2025-08-17,summer,45-64,35
2025-08-17,summer,65-74,56
2025-08-17,summer,75-84,56
2025-08-17,summer,85+,96
2025-08-18,summer,25-44,2
2025-08-18,summer,45-64,32
2025-08-18,summer,65-74,54
2025-08-18,summer,75-84,83
2025-08-18,summer,85+,125
2025-08-19,summer,0-24,3
2025-08-19,summer,25-44,5
2025-08-19,summer,45-64,31
2025-08-19,summer,65-74,39
2025-08-19,summer,75-84,89
2025-08-19,summer,85+,108
2025-08-20,summer,0-24,2
2025-08-20,summer,25-44,4
2025-08-20,summer,45-64,31
2025-08-20,summer,65-74,40
2025-08-20,summer,75-84,67
2025-08-20,summer,85+,145
2025-08-21,summer,0-24,3
2025-08-21,summer,25-44,5
2025-08-21,summer,45-64,27
2025-08-21,summer,65-74,46
2025-08-21,summer,75-84,84
2025-08-21,summer,85+,118
2025-08-22,summer,25-44,6
2025-08-22,summer,45-64,26
2025-08-22,summer,65-74,56
2025-08-22,summer,75-84,68
2025-08-22,summer,85+,114
2025-08-23,summer,0-24,3
2025-08-23,summer,25-44,6
2025-08-23,summer,45-64,25
2025-08-23,summer,65-74,49
2025-08-23,summer,75-84,73
2025-08-23,summer,85+,130
2025-08-24,summer,0-24,2
2025-08-24,summer,25-44,1
2025-08-24,summer,45-64,19
2025-08-24,summer,65-74,40
2025-08-24,summer,75-84,61
2025-08-24,summer,85+,99
2025-08-25,summer,0-24,1
2025-08-25,summer,25-44,4
2025-08-25,summer,45-64,30
2025-08-25,summer,65-74,38
2025-08-25,summer,75-84,51
2025-08-25,summer,85+,120
2025-08-26,summer,0-24,2
2025-08-26,summer,25-44,5
2025-08-26,summer,45-64,33
2025-08-26,summer,65-74,67
2025-08-26,summer,75-84,74
2025-08-26,summer,85+,112
2025-08-27,summer,0-24,3
2025-08-27,summer,25-44,5
2025-08-27,summer,45-64,34
2025-08-27,summer,65-74,48
2025-08-27,summer,75-84,78
2025-08-27,summer,85+,118
2025-08-28,summer,0-24,1
2025-08-28,summer,25-44,5
2025-08-28,summer,45-64,31
2025-08-28,summer,65-74,61
2025-08-28,summer,75-84,71
2025-08-28,summer,85+,124
2025-08-29,summer,0-24,2
2025-08-29,summer,25-44,3
2025-08-29,summer,45-64,28
2025-08-29,summer,65-74,45
2025-08-29,summer,75-84,70
2025-08-29,summer,85+,108
2025-08-30,summer,25-44,2
2025-08-30,summer,45-64,20
2025-08-30,summer,65-74,48
2025-08-30,summer,75-84,66
2025-08-30,summer,85+,103
2025-08-31,summer,0-24,3
2025-08-31,summer,25-44,5
2025-08-31,summer,45-64,36
2025-08-31,summer,65-74,37
2025-08-31,summer,75-84,71
2025-08-31,summer,85+,102
2025-09-01,summer,0-24,5
2025-09-01,summer,25-44,4
2025-09-01,summer,45-64,41
2025-09-01,summer,65-74,59
2025-09-01,summer,75-84,104
2025-09-01,summer,85+,194
2025-09-02,summer,0-24,2
2025-09-02,summer,25-44,9
2025-09-02,summer,45-64,37
2025-09-02,summer,65-74,59
2025-09-02,summer,75-84,72
2025-09-02,summer,85+,180
2025-09-03,summer,0-24,3
2025-09-03,summer,25-44,5
2025-09-03,summer,45-64,31
2025-09-03,summer,65-74,36
2025-09-03,summer,75-84,75
2025-09-03,summer,85+,144
2025-09-04,summer,0-24,2
2025-09-04,summer,25-44,10
2025-09-04,summer,45-64,34
2025-09-04,summer,65-74,42
2025-09-04,summer,75-84,73
2025-09-04,summer,85+,125
2025-09-05,summer,0-24,3
2025-09-05,summer,25-44,7
2025-09-05,summer,45-64,29
2025-09-05,summer,65-74,49
2025-09-05,summer,75-84,86
2025-09-05,summer,85+,129
2025-09-06,summer,0-24,1
2025-09-06,summer,25-44,5
2025-09-06,summer,45-64,24
2025-09-06,summer,65-74,44
2025-09-06,summer,75-84,60
2025-09-06,summer,85+,102
2025-09-07,summer,0-24,4
2025-09-07,summer,25-44,10
2025-09-07,summer,45-64,20
2025-09-07,summer,65-74,42
2025-09-07,summer,75-84,73
2025-09-07,summer,85+,95
2025-09-08,summer,0-24,2
2025-09-08,summer,25-44,5
2025-09-08,summer,45-64,28
2025-09-08,summer,65-74,40
2025-09-08,summer,75-84,71
2025-09-08,summer,85+,119
2025-09-09,summer,25-44,7
2025-09-09,summer,45-64,22
2025-09-09,summer,65-74,51
2025-09-09,summer,75-84,66
2025-09-09,summer,85+,109
2025-09-10,summer,0-24,2
2025-09-10,summer,25-44,4
2025-09-10,summer,45-64,28
2025-09-10,summer,65-74,46
2025-09-10,summer,75-84,85
2025-09-10,summer,85+,120
2025-09-11,summer,0-24,3
2025-09-11,summer,25-44,11
2025-09-11,summer,45-64,28
2025-09-11,summer,65-74,45
2025-09-11,summer,75-84,65
2025-09-11,summer,85+,108
2025-09-12,summer,0-24,5
2025-09-12,summer,25-44,4
2025-09-12,summer,45-64,28
2025-09-12,summer,65-74,52
2025-09-12,summer,75-84,89
2025-09-12,summer,85+,164
2025-09-13,summer,0-24,6
2025-09-13,summer,25-44,3
2025-09-13,summer,45-64,22
2025-09-13,summer,65-74,43
2025-09-13,summer,75-84,81
2025-09-13,summer,85+,115
2025-09-14,summer,0-24,3
2025-09-14,summer,25-44,6
2025-09-14,summer,45-64,20
2025-09-14,summer,65-74,39
2025-09-14,summer,75-84,69
2025-09-14,summer,85+,112
2025-09-15,summer,0-24,1
2025-09-15,summer,25-44,6
2025-09-15,summer,45-64,30
2025-09-15,summer,65-74,41
2025-09-15,summer,75-84,76
2025-09-15,summer,85+,126
2025-09-16,summer,0-24,1
2025-09-16,summer,25-44,8
2025-09-16,summer,45-64,32
2025-09-16,summer,65-74,40
2025-09-16,summer,75-84,65
2025-09-16,summer,85+,112
2025-09-17,summer,0-24,2
2025-09-17,summer,25-44,11
2025-09-17,summer,45-64,38
2025-09-17,summer,65-74,57
2025-09-17,summer,75-84,66
2025-09-17,summer,85+,106
2025-09-18,summer,0-24,5
2025-09-18,summer,25-44,5
2025-09-18,summer,45-64,40
2025-09-18,summer,65-74,53
2025-09-18,summer,75-84,84
2025-09-18,summer,85+,134
2025-09-19,summer,0-24,3
2025-09-19,summer,25-44,8
2025-09-19,summer,45-64,39
2025-09-19,summer,65-74,55
2025-09-19,summer,75-84,75
2025-09-19,summer,85+,113
2025-09-20,summer,0-24,4
2025-09-20,summer,25-44,3
2025-09-20,summer,45-64,31
2025-09-20,summer,65-74,48
2025-09-20,summer,75-84,97
2025-09-20,summer,85+,140
2025-09-21,summer,0-24,3
2025-09-21,summer,25-44,5
2025-09-21,summer,45-64,28
2025-09-21,summer,65-74,34
2025-09-21,summer,75-84,67
2025-09-21,summer,85+,125
2025-09-22,summer,0-24,1
2025-09-22,summer,25-44,6
2025-09-22,summer,45-64,33
2025-09-22,summer,65-74,58
2025-09-22,summer,75-84,78
2025-09-22,summer,85+,99
2025-09-23,autumn,0-24,1
2025-09-23,autumn,25-44,5
2025-09-23,autumn,45-64,27
2025-09-23,autumn,65-74,47
2025-09-23,autumn,75-84,79
2025-09-23,autumn,85+,113
2025-09-24,autumn,0-24,2
2025-09-24,autumn,25-44,7
2025-09-24,autumn,45-64,30
2025-09-24,autumn,65-74,52
2025-09-24,autumn,75-84,81
2025-09-24,autumn,85+,136
2025-09-25,autumn,0-24,3
2025-09-25,autumn,25-44,6
2025-09-25,autumn,45-64,37
2025-09-25,autumn,65-74,43
2025-09-25,autumn,75-84,70
2025-09-25,autumn,85+,133
2025-09-26,autumn,0-24,3
2025-09-26,autumn,25-44,7
2025-09-26,autumn,45-64,32
2025-09-26,autumn,65-74,54
2025-09-26,autumn,75-84,83
2025-09-26,autumn,85+,130
2025-09-27,autumn,0-24,1
2025-09-27,autumn,25-44,6
2025-09-27,autumn,45-64,22
2025-09-27,autumn,65-74,49
2025-09-27,autumn,75-84,69
2025-09-27,autumn,85+,107
2025-09-28,autumn,0-24,4
2025-09-28,autumn,25-44,7
2025-09-28,autumn,45-64,26
2025-09-28,autumn,65-74,36
2025-09-28,autumn,75-84,61
2025-09-28,autumn,85+,128
2025-09-29,autumn,0-24,3
2025-09-29,autumn,25-44,6
2025-09-29,autumn,45-64,37
2025-09-29,autumn,65-74,42
2025-09-29,autumn,75-84,64
2025-09-29,autumn,85+,142
2025-09-30,autumn,0-24,3
2025-09-30,autumn,25-44,4
2025-09-30,autumn,45-64,32
2025-09-30,autumn,65-74,53
2025-09-30,autumn,75-84,98
2025-09-30,autumn,85+,118
2025-10-01,autumn,0-24,1
2025-10-01,autumn,25-44,4
2025-10-01,autumn,45-64,46
2025-10-01,autumn,65-74,79
2025-10-01,autumn,75-84,131
2025-10-01,autumn,85+,198
2025-10-02,autumn,0-24,1
2025-10-02,autumn,25-44,2
2025-10-02,autumn,45-64,47
2025-10-02,autumn,65-74,69
2025-10-02,autumn,75-84,98
2025-10-02,autumn,85+,147
2025-10-03,autumn,0-24,1
2025-10-03,autumn,25-44,7
2025-10-03,autumn,45-64,31
2025-10-03,autumn,65-74,68
2025-10-03,autumn,75-84,79
2025-10-03,autumn,85+,139
2025-10-04,autumn,0-24,1
2025-10-04,autumn,25-44,7
2025-10-04,autumn,45-64,28
2025-10-04,autumn,65-74,39
2025-10-04,autumn,75-84,74
2025-10-04,autumn,85+,111
2025-10-05,autumn,25-44,8
2025-10-05,autumn,45-64,29
2025-10-05,autumn,65-74,43
2025-10-05,autumn,75-84,68
2025-10-05,autumn,85+,134
2025-10-06,autumn,0-24,2
2025-10-06,autumn,25-44,7
2025-10-06,autumn,45-64,25
2025-10-06,autumn,65-74,50
2025-10-06,autumn,75-84,79
2025-10-06,autumn,85+,108
2025-10-07,autumn,0-24,6
2025-10-07,autumn,25-44,5
2025-10-07,autumn,45-64,39
2025-10-07,autumn,65-74,42
2025-10-07,autumn,75-84,65
2025-10-07,autumn,85+,119
2025-10-08,autumn,0-24,2
2025-10-08,autumn,25-44,2
2025-10-08,autumn,45-64,25
2025-10-08,autumn,65-74,40
2025-10-08,autumn,75-84,74
2025-10-08,autumn,85+,105
2025-10-09,autumn,0-24,4
2025-10-09,autumn,25-44,4
2025-10-09,autumn,45-64,40
2025-10-09,autumn,65-74,43
2025-10-09,autumn,75-84,97
2025-10-09,autumn,85+,132
2025-10-10,autumn,0-24,3
2025-10-10,autumn,25-44,9
2025-10-10,autumn,45-64,48
2025-10-10,autumn,65-74,50
2025-10-10,autumn,75-84,86
2025-10-10,autumn,85+,117
2025-10-11,autumn,0-24,1
2025-10-11,autumn,25-44,8
2025-10-11,autumn,45-64,30
2025-10-11,autumn,65-74,43
2025-10-11,autumn,75-84,90
2025-10-11,autumn,85+,122
2025-10-12,autumn,0-24,2
2025-10-12,autumn,25-44,6
2025-10-12,autumn,45-64,31
2025-10-12,autumn,65-74,53
2025-10-12,autumn,75-84,82
2025-10-12,autumn,85+,144
2025-10-13,autumn,0-24,2
2025-10-13,autumn,25-44,3
2025-10-13,autumn,45-64,30
2025-10-13,autumn,65-74,36
2025-10-13,autumn,75-84,79
2025-10-13,autumn,85+,139
2025-10-14,autumn,0-24,2
2025-10-14,autumn,25-44,3
2025-10-14,autumn,45-64,37
2025-10-14,autumn,65-74,52
2025-10-14,autumn,75-84,81
2025-10-14,autumn,85+,134
2025-10-15,autumn,0-24,1
2025-10-15,autumn,25-44,7
2025-10-15,autumn,45-64,31
2025-10-15,autumn,65-74,53
2025-10-15,autumn,75-84,84
2025-10-15,autumn,85+,143
2025-10-16,autumn,0-24,2
2025-10-16,autumn,25-44,5
2025-10-16,autumn,45-64,29
2025-10-16,autumn,65-74,53
2025-10-16,autumn,75-84,81
2025-10-16,autumn,85+,131
2025-10-17,autumn,25-44,6
2025-10-17,autumn,45-64,31
2025-10-17,autumn,65-74,47
2025-10-17,autumn,75-84,94
2025-10-17,autumn,85+,148
2025-10-18,autumn,0-24,3
2025-10-18,autumn,25-44,3
2025-10-18,autumn,45-64,38
2025-10-18,autumn,65-74,35
2025-10-18,autumn,75-84,72
2025-10-18,autumn,85+,133
2025-10-19,autumn,0-24,4
2025-10-19,autumn,25-44,3
2025-10-19,autumn,45-64,36
2025-10-19,autumn,65-74,44
2025-10-19,autumn,75-84,71
2025-10-19,autumn,85+,124
2025-10-20,autumn,0-24,1
2025-10-20,autumn,25-44,4
2025-10-20,autumn,45-64,29
2025-10-20,autumn,65-74,42
2025-10-20,autumn,75-84,92
2025-10-20,autumn,85+,174
2025-10-21,autumn,0-24,1
2025-10-21,autumn,25-44,4
2025-10-21,autumn,45-64,31
2025-10-21,autumn,65-74,49
2025-10-21,autumn,75-84,85
2025-10-21,autumn,85+,137
2025-10-22,autumn,0-24,1
2025-10-22,autumn,25-44,6
2025-10-22,autumn,45-64,41
2025-10-22,autumn,65-74,54
2025-10-22,autumn,75-84,81
2025-10-22,autumn,85+,146
2025-10-23,autumn,0-24,3
2025-10-23,autumn,25-44,12
2025-10-23,autumn,45-64,37
2025-10-23,autumn,65-74,46
2025-10-23,autumn,75-84,70
2025-10-23,autumn,85+,147
2025-10-24,autumn,0-24,1
2025-10-24,autumn,25-44,9
2025-10-24,autumn,45-64,32
2025-10-24,autumn,65-74,63
2025-10-24,autumn,75-84,85
2025-10-24,autumn,85+,137
2025-10-25,autumn,0-24,3
2025-10-25,autumn,25-44,11
2025-10-25,autumn,45-64,24
2025-10-25,autumn,65-74,38
2025-10-25,autumn,75-84,68
2025-10-25,autumn,85+,144
2025-10-26,autumn,0-24,1
2025-10-26,autumn,25-44,4
2025-10-26,autumn,45-64,28
2025-10-26,autumn,65-74,34
2025-10-26,autumn,75-84,82
2025-10-26,autumn,85+,132
2025-10-27,autumn,0-24,1
2025-10-27,autumn,25-44,6
2025-10-27,autumn,45-64,21
2025-10-27,autumn,65-74,52
2025-10-27,autumn,75-84,74
2025-10-27,autumn,85+,124
2025-10-28,autumn,0-24,1
2025-10-28,autumn,25-44,4
2025-10-28,autumn,45-64,25
2025-10-28,autumn,65-74,57
2025-10-28,autumn,75-84,71
2025-10-28,autumn,85+,140
2025-10-29,autumn,0-24,1
2025-10-29,autumn,25-44,3
2025-10-29,autumn,45-64,30
2025-10-29,autumn,65-74,58
2025-10-29,autumn,75-84,79
2025-10-29,autumn,85+,136
2025-10-30,autumn,0-24,2
2025-10-30,autumn,25-44,6
2025-10-30,autumn,45-64,36
2025-10-30,autumn,65-74,53
2025-10-30,autumn,75-84,86
2025-10-30,autumn,85+,144
2025-10-31,autumn,0-24,4
2025-10-31,autumn,25-44,4
2025-10-31,autumn,45-64,35
2025-10-31,autumn,65-74,52
2025-10-31,autumn,75-84,92
2025-10-31,autumn,85+,138
2025-11-01,autumn,0-24,2
2025-11-01,autumn,25-44,7
2025-11-01,autumn,45-64,25
2025-11-01,autumn,65-74,55
2025-11-01,autumn,75-84,92
2025-11-01,autumn,85+,187
2025-11-02,autumn,0-24,1
2025-11-02,autumn,25-44,8
2025-11-02,autumn,45-64,45
2025-11-02,autumn,65-74,63
2025-11-02,autumn,75-84,85
2025-11-02,autumn,85+,205
2025-11-03,autumn,0-24,2
2025-11-03,autumn,25-44,10
2025-11-03,autumn,45-64,40
2025-11-03,autumn,65-74,46
2025-11-03,autumn,75-84,100
2025-11-03,autumn,85+,140
2025-11-04,autumn,0-24,2
2025-11-04,autumn,25-44,3
2025-11-04,autumn,45-64,27
2025-11-04,autumn,65-74,49
2025-11-04,autumn,75-84,67
2025-11-04,autumn,85+,146
2025-11-05,autumn,0-24,1
2025-11-05,autumn,25-44,7
2025-11-05,autumn,45-64,35
2025-11-05,autumn,65-74,33
2025-11-05,autumn,75-84,73
2025-11-05,autumn,85+,114
2025-11-06,autumn,0-24,1
2025-11-06,autumn,25-44,8
2025-11-06,autumn,45-64,25
2025-11-06,autumn,65-74,46
2025-11-06,autumn,75-84,81
2025-11-06,autumn,85+,138
2025-11-07,autumn,0-24,3
2025-11-07,autumn,25-44,7
2025-11-07,autumn,45-64,30
2025-11-07,autumn,65-74,48
2025-11-07,autumn,75-84,69
2025-11-07,autumn,85+,106
2025-11-08,autumn,0-24,2
2025-11-08,autumn,25-44,10
2025-11-08,autumn,45-64,41
2025-11-08,autumn,65-74,58
2025-11-08,autumn,75-84,78
2025-11-08,autumn,85+,130
2025-11-09,autumn,0-24,3
2025-11-09,autumn,25-44,5
2025-11-09,autumn,45-64,42
2025-11-09,autumn,65-74,57
2025-11-09,autumn,75-84,80
2025-11-09,autumn,85+,112
2025-11-10,autumn,0-24,2
2025-11-10,autumn,25-44,10
2025-11-10,autumn,45-64,20
2025-11-10,autumn,65-74,44
2025-11-10,autumn,75-84,100
2025-11-10,autumn,85+,140
2025-11-11,autumn,0-24,3
2025-11-11,autumn,25-44,10
2025-11-11,autumn,45-64,32
2025-11-11,autumn,65-74,38
2025-11-11,autumn,75-84,67
2025-11-11,autumn,85+,132
2025-11-12,autumn,0-24,2
2025-11-12,autumn,25-44,3
2025-11-12,autumn,45-64,38
2025-11-12,autumn,65-74,40
2025-11-12,autumn,75-84,86
2025-11-12,autumn,85+,149
2025-11-13,autumn,0-24,2
2025-11-13,autumn,25-44,6
2025-11-13,autumn,45-64,35
2025-11-13,autumn,65-74,51
2025-11-13,autumn,75-84,79
2025-11-13,autumn,85+,125
2025-11-14,autumn,0-24,2
2025-11-14,autumn,25-44,3
2025-11-14,autumn,45-64,39
2025-11-14,autumn,65-74,56
2025-11-14,autumn,75-84,90
2025-11-14,autumn,85+,128
2025-11-15,autumn,0-24,2
2025-11-15,autumn,25-44,6
2025-11-15,autumn,45-64,34
2025-11-15,autumn,65-74,47
2025-11-15,autumn,75-84,86
2025-11-15,autumn,85+,129
2025-11-16,autumn,0-24,2
2025-11-16,autumn,25-44,4
2025-11-16,autumn,45-64,21
2025-11-16,autumn,65-74,39
2025-11-16,autumn,75-84,73
2025-11-16,autumn,85+,131
2025-11-17,autumn,0-24,4
2025-11-17,autumn,25-44,2
2025-11-17,autumn,45-64,31
2025-11-17,autumn,65-74,47
2025-11-17,autumn,75-84,82
2025-11-17,autumn,85+,97
2025-11-18,autumn,25-44,7
2025-11-18,autumn,45-64,30
2025-11-18,autumn,65-74,54
2025-11-18,autumn,75-84,91
2025-11-18,autumn,85+,124
2025-11-19,autumn,0-24,7
2025-11-19,autumn,25-44,6
2025-11-19,autumn,45-64,29
2025-11-19,autumn,65-74,49
2025-11-19,autumn,75-84,86
2025-11-19,autumn,85+,139
2025-11-20,autumn,0-24,3
2025-11-20,autumn,25-44,6
2025-11-20,autumn,45-64,47
2025-11-20,autumn,65-74,60
2025-11-20,autumn,75-84,85
2025-11-20,autumn,85+,129
2025-11-21,autumn,0-24,2
2025-11-21,autumn,25-44,7
2025-11-21,autumn,45-64,39
2025-11-21,autumn,65-74,59
2025-11-21,autumn,75-84,69
2025-11-21,autumn,85+,147
2025-11-22,autumn,0-24,3
2025-11-22,autumn,25-44,3
2025-11-22,autumn,45-64,27
2025-11-22,autumn,65-74,37
2025-11-22,autumn,75-84,71
2025-11-22,autumn,85+,143
2025-11-23,autumn,0-24,1
2025-11-23,autumn,25-44,4
2025-11-23,autumn,45-64,25
2025-11-23,autumn,65-74,48
2025-11-23,autumn,75-84,90
2025-11-23,autumn,85+,126
2025-11-24,autumn,0-24,2
2025-11-24,autumn,25-44,9
2025-11-24,autumn,45-64,40
2025-11-24,autumn,65-74,56
2025-11-24,autumn,75-84,88
2025-11-24,autumn,85+,146
2025-11-25,autumn,0-24,3
2025-11-25,autumn,25-44,5
2025-11-25,autumn,45-64,38
2025-11-25,autumn,65-74,58
2025-11-25,autumn,75-84,98
2025-11-25,autumn,85+,157
2025-11-26,autumn,0-24,1
2025-11-26,autumn,25-44,3
2025-11-26,autumn,45-64,31
2025-11-26,autumn,65-74,49
2025-11-26,autumn,75-84,101
2025-11-26,autumn,85+,129
2025-11-27,autumn,0-24,4
2025-11-27,autumn,25-44,4
2025-11-27,autumn,45-64,34
2025-11-27,autumn,65-74,52
2025-11-27,autumn,75-84,84
2025-11-27,autumn,85+,158
2025-11-28,autumn,0-24,4
2025-11-28,autumn,25-44,5
2025-11-28,autumn,45-64,30
2025-11-28,autumn,65-74,47
2025-11-28,autumn,75-84,103
2025-11-28,autumn,85+,141
2025-11-29,autumn,0-24,4
2025-11-29,autumn,25-44,3
2025-11-29,autumn,45-64,31
2025-11-29,autumn,65-74,65
2025-11-29,autumn,75-84,81
2025-11-29,autumn,85+,160
2025-11-30,autumn,0-24,6
2025-11-30,autumn,25-44,2
2025-11-30,autumn,45-64,31
2025-11-30,autumn,65-74,38
2025-11-30,autumn,75-84,84
2025-11-30,autumn,85+,131
2025-12-01,autumn,0-24,1
2025-12-01,autumn,25-44,3
2025-12-01,autumn,45-64,32
2025-12-01,autumn,65-74,43
2025-12-01,autumn,75-84,102
2025-12-01,autumn,85+,182
2025-12-02,autumn,0-24,1
2025-12-02,autumn,25-44,9
2025-12-02,autumn,45-64,37
2025-12-02,autumn,65-74,51
2025-12-02,autumn,75-84,95
2025-12-02,autumn,85+,172
2025-12-03,autumn,0-24,5
2025-12-03,autumn,25-44,5
2025-12-03,autumn,45-64,35
2025-12-03,autumn,65-74,52
2025-12-03,autumn,75-84,85
2025-12-03,autumn,85+,136
2025-12-04,autumn,0-24,1
2025-12-04,autumn,25-44,5
2025-12-04,autumn,45-64,25
2025-12-04,autumn,65-74,46
2025-12-04,autumn,75-84,73
2025-12-04,autumn,85+,131
2025-12-05,autumn,0-24,2
2025-12-05,autumn,25-44,8
2025-12-05,autumn,45-64,27
2025-12-05,autumn,65-74,41
2025-12-05,autumn,75-84,78
2025-12-05,autumn,85+,119
2025-12-06,autumn,0-24,2
2025-12-06,autumn,25-44,5
2025-12-06,autumn,45-64,26
2025-12-06,autumn,65-74,61
2025-12-06,autumn,75-84,95
2025-12-06,autumn,85+,137
2025-12-07,autumn,0-24,4
2025-12-07,autumn,25-44,6
2025-12-07,autumn,45-64,30
2025-12-07,autumn,65-74,47
2025-12-07,autumn,75-84,63
2025-12-07,autumn,85+,111
2025-12-08,autumn,0-24,2
2025-12-08,autumn,25-44,6
2025-12-08,autumn,45-64,30
2025-12-08,autumn,65-74,46
2025-12-08,autumn,75-84,81
2025-12-08,autumn,85+,130
2025-12-09,autumn,25-44,9
2025-12-09,autumn,45-64,33
2025-12-09,autumn,65-74,56
2025-12-09,autumn,75-84,83
2025-12-09,autumn,85+,123
2025-12-10,autumn,25-44,5
2025-12-10,autumn,45-64,27
2025-12-10,autumn,65-74,32
2025-12-10,autumn,75-84,75
2025-12-10,autumn,85+,128
2025-12-11,autumn,0-24,2
2025-12-11,autumn,25-44,10
2025-12-11,autumn,45-64,33
2025-12-11,autumn,65-74,38
2025-12-11,autumn,75-84,69
2025-12-11,autumn,85+,121
2025-12-12,autumn,0-24,4
2025-12-12,autumn,25-44,5
2025-12-12,autumn,45-64,38
2025-12-12,autumn,65-74,50
2025-12-12,autumn,75-84,113
2025-12-12,autumn,85+,149
2025-12-13,autumn,0-24,3
2025-12-13,autumn,25-44,7
2025-12-13,autumn,45-64,32
2025-12-13,autumn,65-74,61
2025-12-13,autumn,75-84,81
2025-12-13,autumn,85+,125
2025-12-14,autumn,0-24,1
2025-12-14,autumn,25-44,4
2025-12-14,autumn,45-64,25
2025-12-14,autumn,65-74,47
2025-12-14,autumn,75-84,74
2025-12-14,autumn,85+,127
2025-12-15,autumn,0-24,1
2025-12-15,autumn,25-44,7
2025-12-15,autumn,45-64,28
2025-12-15,autumn,65-74,45
2025-12-15,autumn,75-84,87
2025-12-15,autumn,85+,146
2025-12-16,autumn,0-24,5
2025-12-16,autumn,25-44,5
2025-12-16,autumn,45-64,34
2025-12-16,autumn,65-74,53
2025-12-16,autumn,75-84,101
2025-12-16,autumn,85+,166
2025-12-17,autumn,0-24,1
2025-12-17,autumn,25-44,8
2025-12-17,autumn,45-64,35
2025-12-17,autumn,65-74,52
2025-12-17,autumn,75-84,104
2025-12-17,autumn,85+,144
2025-12-18,autumn,0-24,1
2025-12-18,autumn,25-44,5
2025-12-18,autumn,45-64,41
2025-12-18,autumn,65-74,59
2025-12-18,autumn,75-84,65
2025-12-18,autumn,85+,132
2025-12-19,autumn,25-44,10
2025-12-19,autumn,45-64,31
2025-12-19,autumn,65-74,50
2025-12-19,autumn,75-84,88
2025-12-19,autumn,85+,142
2025-12-20,autumn,25-44,6
2025-12-20,autumn,45-64,29
2025-12-20,autumn,65-74,46
2025-12-20,autumn,75-84,82
2025-12-20,autumn,85+,158
2025-12-21,winter,0-24,3
2025-12-21,winter,25-44,4
2025-12-21,winter,45-64,36
2025-12-21,winter,65-74,50
2025-12-21,winter,75-84,90
2025-12-21,winter,85+,129
2025-12-22,winter,0-24,4
2025-12-22,winter,25-44,4
2025-12-22,winter,45-64,28
2025-12-22,winter,65-74,51
2025-12-22,winter,75-84,72
2025-12-22,winter,85+,129
2025-12-23,winter,0-24,4
2025-12-23,winter,25-44,3
2025-12-23,winter,45-64,30
2025-12-23,winter,65-74,51
2025-12-23,winter,75-84,80
2025-12-23,winter,85+,140
2025-12-24,winter,0-24,1
2025-12-24,winter,25-44,9
2025-12-24,winter,45-64,19
2025-12-24,winter,65-74,48
2025-12-24,winter,75-84,86
2025-12-24,winter,85+,144
2025-12-25,winter,0-24,2
2025-12-25,winter,25-44,8
2025-12-25,winter,45-64,33
2025-12-25,winter,65-74,34
2025-12-25,winter,75-84,73
2025-12-25,winter,85+,137
2025-12-26,winter,0-24,2
2025-12-26,winter,25-44,9
2025-12-26,winter,45-64,28
2025-12-26,winter,65-74,39
2025-12-26,winter,75-84,85
2025-12-26,winter,85+,154
2025-12-27,winter,0-24,2
2025-12-27,winter,25-44,3
2025-12-27,winter,45-64,27
2025-12-27,winter,65-74,36
2025-12-27,winter,75-84,90
2025-12-27,winter,85+,141
2025-12-28,winter,0-24,4
2025-12-28,winter,25-44,11
2025-12-28,winter,45-64,38
2025-12-28,winter,65-74,56
2025-12-28,winter,75-84,101
2025-12-28,winter,85+,150
2025-12-29,winter,25-44,7
2025-12-29,winter,45-64,35
2025-12-29,winter,65-74,48
2025-12-29,winter,75-84,98
2025-12-29,winter,85+,148
2025-12-30,winter,0-24,4
2025-12-30,winter,25-44,5
2025-12-30,winter,45-64,37
2025-12-30,winter,65-74,47
2025-12-30,winter,75-84,109
2025-12-30,winter,85+,145
2025-12-31,winter,0-24,3
2025-12-31,winter,25-44,6
2025-12-31,winter,45-64,39
2025-12-31,winter,65-74,70
2025-12-31,winter,75-84,109
2025-12-31,winter,85+,144
